<?xml version="1.0" encoding="windows-1252"?>
<!--  This file conforms to the DTD xdc/bld/build.dtd -->
<package name="ti.dsplib" version="2, 0, 1, 0" producerId="undefined">
    <units>
        <module name="Version"/>
    </units>
    <sources>
    </sources>
    <configscripts>
    </configscripts>
    <makefiles>
        <srcFile name="package.mak" src="package.bld"/>
        <srcFile name="package/package.xdc.dep" src="package.xdc"/>
        <srcFile name="package/package.cfg.dep" src="package.xdc"/>
        <srcFile name="package/rel/ti_dsplib_src_c64Px_3_4_0_0.zip.dep" src="package/rel/ti_dsplib_src_c64Px_3_4_0_0.xdc.inc"/>
    </makefiles>
    <targets>
    </targets>
    <libraries>
    </libraries>
    <configurations>
    </configurations>
    <executables>
    </executables>
    <tests>
    </tests>
    <releases relDir="package/rel/">
    <release name="ti_dsplib_src_c64Px_3_4_0_0"
        pname="ti_dsplib_src_c64Px_3_4_0_0.zip"
        label="default"
    >
        <file name="package/package.bld.xml"/>
        <file name="package/build.cfg"/>
        <file name="makefile"/>
        <file name="lib"/>
        <file name="lib/dsplib.a64P.mk"/>
        <file name="./src/DSP_add16//c64P/DSP_add16.c"/>
        <file name="./src/DSP_add32//c64P/DSP_add32.c"/>
        <file name="./src/DSP_autocor//c64P/DSP_autocor.c"/>
        <file name="./src/DSP_bexp//c64P/DSP_bexp.c"/>
        <file name="./src/DSP_blk_eswap16//c64P/DSP_blk_eswap16.c"/>
        <file name="./src/DSP_blk_eswap32//c64P/DSP_blk_eswap32.c"/>
        <file name="./src/DSP_blk_eswap64//c64P/DSP_blk_eswap64.c"/>
        <file name="./src/DSP_blk_move//c64P/DSP_blk_move.c"/>
        <file name="./src/DSP_dotprod//c64P/DSP_dotprod.c"/>
        <file name="./src/DSP_dotp_sqr//c64P/DSP_dotp_sqr.c"/>
        <file name="./src/DSP_fft16x16//c64P/DSP_fft16x16_i.c"/>
        <file name="./src/DSP_fft16x16r//c64P/DSP_fft16x16r_i.c"/>
        <file name="./src/DSP_fft16x16_imre//c64P/DSP_fft16x16_imre_i.c"/>
        <file name="./src/DSP_fft16x32//c64P/DSP_fft16x32_i.c"/>
        <file name="./src/DSP_fft32x32//c64P/DSP_fft32x32_i.c"/>
        <file name="./src/DSP_fft32x32s//c64P/DSP_fft32x32s_i.c"/>
        <file name="./src/DSP_firlms2//c64P/DSP_firlms2.c"/>
        <file name="./src/DSP_fir_cplx//c64P/DSP_fir_cplx.c"/>
        <file name="./src/DSP_fir_cplx_hM4X4//c64P/DSP_fir_cplx_hM4X4.c"/>
        <file name="./src/DSP_fir_gen//c64P/DSP_fir_gen.c"/>
        <file name="./src/DSP_fir_gen_hM17_rA8X8//c64P/DSP_fir_gen_hM17_rA8X8.c"/>
        <file name="./src/DSP_fir_r4//c64P/DSP_fir_r4.c"/>
        <file name="./src/DSP_fir_r8//c64P/DSP_fir_r8.c"/>
        <file name="./src/DSP_fir_r8_hM16_rM8A8X8//c64P/DSP_fir_r8_hM16_rM8A8X8.c"/>
        <file name="./src/DSP_fir_sym//c64P/DSP_fir_sym.c"/>
        <file name="./src/DSP_fltoq15//c64P/DSP_fltoq15.c"/>
        <file name="./src/DSP_ifft16x16//c64P/DSP_ifft16x16_i.c"/>
        <file name="./src/DSP_ifft16x16_imre//c64P/DSP_ifft16x16_imre_i.c"/>
        <file name="./src/DSP_ifft16x32//c64P/DSP_ifft16x32_i.c"/>
        <file name="./src/DSP_ifft32x32//c64P/DSP_ifft32x32_i.c"/>
        <file name="./src/DSP_iir//c64P/DSP_iir.c"/>
        <file name="./src/DSP_iir_lat//c64P/DSP_iir_lat.c"/>
        <file name="./src/DSP_iir_ss//c64P/DSP_iir_ss.c"/>
        <file name="./src/DSP_mat_mul//c64P/DSP_mat_mul.c"/>
        <file name="./src/DSP_mat_mul_cplx//c64P/DSP_mat_mul_cplx.c"/>
        <file name="./src/DSP_mat_trans//c64P/DSP_mat_trans.c"/>
        <file name="./src/DSP_maxidx//c64P/DSP_maxidx.c"/>
        <file name="./src/DSP_maxval//c64P/DSP_maxval.c"/>
        <file name="./src/DSP_minerror//c64P/DSP_minerror.c"/>
        <file name="./src/DSP_minval//c64P/DSP_minval.c"/>
        <file name="./src/DSP_mul32//c64P/DSP_mul32.c"/>
        <file name="./src/DSP_neg32//c64P/DSP_neg32.c"/>
        <file name="./src/DSP_q15tofl//c64P/DSP_q15tofl.c"/>
        <file name="./src/DSP_recip16//c64P/DSP_recip16.c"/>
        <file name="./src/DSP_vecsumsq//c64P/DSP_vecsumsq.c"/>
        <file name="./src/DSP_w_vec//c64P/DSP_w_vec.c"/>
        <file name="./src/DSP_fft16x16//c64P/DSP_fft16x16_sa.sa"/>
        <file name="./src/DSP_fft16x16r//c64P/DSP_fft16x16r_sa.sa"/>
        <file name="./src/DSP_fft16x16_imre//c64P/DSP_fft16x16_imre_sa.sa"/>
        <file name="./src/DSP_fft16x32//c64P/DSP_fft16x32_sa.sa"/>
        <file name="./src/DSP_fft32x32//c64P/DSP_fft32x32_sa.sa"/>
        <file name="./src/DSP_fft32x32s//c64P/DSP_fft32x32s_sa.sa"/>
        <file name="./src/DSP_ifft16x16//c64P/DSP_ifft16x16_sa.sa"/>
        <file name="./src/DSP_ifft16x16_imre//c64P/DSP_ifft16x16_imre_sa.sa"/>
        <file name="./src/DSP_ifft16x32//c64P/DSP_ifft16x32_sa.sa"/>
        <file name="./src/DSP_ifft32x32//c64P/DSP_ifft32x32_sa.sa"/>
        <file name="lib/dsplib.a64P"/>
        <file name="lib/dsplib.lib"/>
        <file name="lib/dsplib.a64Pe.mk"/>
        <file name="lib/dsplib.a64Pe"/>
        <file name="lib/dsplib.ae64P.mk"/>
        <file name="lib/dsplib.ae64P"/>
        <file name="lib/dsplib.ae64Pe.mk"/>
        <file name="lib/dsplib.ae64Pe"/>
        <file name="lib/dsplib_cn.a64P.mk"/>
        <file name="./src/DSP_add16//c64P/DSP_add16_cn.c"/>
        <file name="./src/DSP_add32//c64P/DSP_add32_cn.c"/>
        <file name="./src/DSP_autocor//c64P/DSP_autocor_cn.c"/>
        <file name="./src/DSP_bexp//c64P/DSP_bexp_cn.c"/>
        <file name="./src/DSP_blk_eswap16//c64P/DSP_blk_eswap16_cn.c"/>
        <file name="./src/DSP_blk_eswap32//c64P/DSP_blk_eswap32_cn.c"/>
        <file name="./src/DSP_blk_eswap64//c64P/DSP_blk_eswap64_cn.c"/>
        <file name="./src/DSP_blk_move//c64P/DSP_blk_move_cn.c"/>
        <file name="./src/DSP_dotprod//c64P/DSP_dotprod_cn.c"/>
        <file name="./src/DSP_dotp_sqr//c64P/DSP_dotp_sqr_cn.c"/>
        <file name="./src/DSP_fft16x16//c64P/DSP_fft16x16_cn.c"/>
        <file name="./src/DSP_fft16x16r//c64P/DSP_fft16x16r_cn.c"/>
        <file name="./src/DSP_fft16x16_imre//c64P/DSP_fft16x16_imre_cn.c"/>
        <file name="./src/DSP_fft16x32//c64P/DSP_fft16x32_cn.c"/>
        <file name="./src/DSP_fft32x32//c64P/DSP_fft32x32_cn.c"/>
        <file name="./src/DSP_fft32x32s//c64P/DSP_fft32x32s_cn.c"/>
        <file name="./src/DSP_firlms2//c64P/DSP_firlms2_cn.c"/>
        <file name="./src/DSP_fir_cplx//c64P/DSP_fir_cplx_cn.c"/>
        <file name="./src/DSP_fir_cplx_hM4X4//c64P/DSP_fir_cplx_hM4X4_cn.c"/>
        <file name="./src/DSP_fir_gen//c64P/DSP_fir_gen_cn.c"/>
        <file name="./src/DSP_fir_gen_hM17_rA8X8//c64P/DSP_fir_gen_hM17_rA8X8_cn.c"/>
        <file name="./src/DSP_fir_r4//c64P/DSP_fir_r4_cn.c"/>
        <file name="./src/DSP_fir_r8//c64P/DSP_fir_r8_cn.c"/>
        <file name="./src/DSP_fir_r8_hM16_rM8A8X8//c64P/DSP_fir_r8_hM16_rM8A8X8_cn.c"/>
        <file name="./src/DSP_fir_sym//c64P/DSP_fir_sym_cn.c"/>
        <file name="./src/DSP_fltoq15//c64P/DSP_fltoq15_cn.c"/>
        <file name="./src/DSP_ifft16x16//c64P/DSP_ifft16x16_cn.c"/>
        <file name="./src/DSP_ifft16x16_imre//c64P/DSP_ifft16x16_imre_cn.c"/>
        <file name="./src/DSP_ifft16x32//c64P/DSP_ifft16x32_cn.c"/>
        <file name="./src/DSP_ifft32x32//c64P/DSP_ifft32x32_cn.c"/>
        <file name="./src/DSP_iir//c64P/DSP_iir_cn.c"/>
        <file name="./src/DSP_iir_lat//c64P/DSP_iir_lat_cn.c"/>
        <file name="./src/DSP_iir_ss//c64P/DSP_iir_ss_cn.c"/>
        <file name="./src/DSP_mat_mul//c64P/DSP_mat_mul_cn.c"/>
        <file name="./src/DSP_mat_mul_cplx//c64P/DSP_mat_mul_cplx_cn.c"/>
        <file name="./src/DSP_mat_trans//c64P/DSP_mat_trans_cn.c"/>
        <file name="./src/DSP_maxidx//c64P/DSP_maxidx_cn.c"/>
        <file name="./src/DSP_maxval//c64P/DSP_maxval_cn.c"/>
        <file name="./src/DSP_minerror//c64P/DSP_minerror_cn.c"/>
        <file name="./src/DSP_minval//c64P/DSP_minval_cn.c"/>
        <file name="./src/DSP_mul32//c64P/DSP_mul32_cn.c"/>
        <file name="./src/DSP_neg32//c64P/DSP_neg32_cn.c"/>
        <file name="./src/DSP_q15tofl//c64P/DSP_q15tofl_cn.c"/>
        <file name="./src/DSP_recip16//c64P/DSP_recip16_cn.c"/>
        <file name="./src/DSP_vecsumsq//c64P/DSP_vecsumsq_cn.c"/>
        <file name="./src/DSP_w_vec//c64P/DSP_w_vec_cn.c"/>
        <file name="lib/dsplib_cn.a64P"/>
        <file name="lib/dsplib_cn.lib"/>
        <file name="lib/dsplib_cn.a64Pe.mk"/>
        <file name="lib/dsplib_cn.a64Pe"/>
        <file name="lib/dsplib_cn.ae64P.mk"/>
        <file name="lib/dsplib_cn.ae64P"/>
        <file name="lib/dsplib_cn.ae64Pe.mk"/>
        <file name="lib/dsplib_cn.ae64Pe"/>
        <file name="./package/projects"/>
        <file name="ccsmake.mk"/>
        <file name="src/DSP_add16//c64P//DSP_add16_64P_LE_COFF"/>
        <file name="src/common//c64P/lnk.cmd"/>
        <file name="src/DSP_add16/DSP_add16.h"/>
        <file name="src/DSP_add16//c64P/DSP_add16.h"/>
        <file name="src/DSP_add16//c64P/DSP_add16_cn.h"/>
        <file name="src/DSP_add16//c64P/DSP_add16_d.c"/>
        <file name="src/DSP_add16//c64P//DSP_add16_64P_BE_COFF"/>
        <file name="src/DSP_add16//c64P//DSP_add16_64P_LE_ELF"/>
        <file name="src/DSP_add16//c64P//DSP_add16_64P_BE_ELF"/>
        <file name="src/DSP_add32//c64P//DSP_add32_64P_LE_COFF"/>
        <file name="src/DSP_add32/DSP_add32.h"/>
        <file name="src/DSP_add32//c64P/DSP_add32.h"/>
        <file name="src/DSP_add32//c64P/DSP_add32_cn.h"/>
        <file name="src/DSP_add32//c64P/DSP_add32_d.c"/>
        <file name="src/DSP_add32//c64P//DSP_add32_64P_BE_COFF"/>
        <file name="src/DSP_add32//c64P//DSP_add32_64P_LE_ELF"/>
        <file name="src/DSP_add32//c64P//DSP_add32_64P_BE_ELF"/>
        <file name="src/DSP_autocor//c64P//DSP_autocor_64P_LE_COFF"/>
        <file name="src/DSP_autocor/DSP_autocor.h"/>
        <file name="src/DSP_autocor//c64P/DSP_autocor.h"/>
        <file name="src/DSP_autocor//c64P/DSP_autocor_cn.h"/>
        <file name="src/DSP_autocor//c64P/DSP_autocor_d.c"/>
        <file name="src/DSP_autocor//c64P//DSP_autocor_64P_BE_COFF"/>
        <file name="src/DSP_autocor//c64P//DSP_autocor_64P_LE_ELF"/>
        <file name="src/DSP_autocor//c64P//DSP_autocor_64P_BE_ELF"/>
        <file name="src/DSP_bexp//c64P//DSP_bexp_64P_LE_COFF"/>
        <file name="src/DSP_bexp/DSP_bexp.h"/>
        <file name="src/DSP_bexp//c64P/DSP_bexp.h"/>
        <file name="src/DSP_bexp//c64P/DSP_bexp_cn.h"/>
        <file name="src/DSP_bexp//c64P/DSP_bexp_d.c"/>
        <file name="src/DSP_bexp//c64P//DSP_bexp_64P_BE_COFF"/>
        <file name="src/DSP_bexp//c64P//DSP_bexp_64P_LE_ELF"/>
        <file name="src/DSP_bexp//c64P//DSP_bexp_64P_BE_ELF"/>
        <file name="src/DSP_blk_eswap16//c64P//DSP_blk_eswap16_64P_LE_COFF"/>
        <file name="src/DSP_blk_eswap16/DSP_blk_eswap16.h"/>
        <file name="src/DSP_blk_eswap16//c64P/DSP_blk_eswap16.h"/>
        <file name="src/DSP_blk_eswap16//c64P/DSP_blk_eswap16_cn.h"/>
        <file name="src/DSP_blk_eswap16//c64P/DSP_blk_eswap16_d.c"/>
        <file name="src/DSP_blk_eswap16//c64P//DSP_blk_eswap16_64P_BE_COFF"/>
        <file name="src/DSP_blk_eswap16//c64P//DSP_blk_eswap16_64P_LE_ELF"/>
        <file name="src/DSP_blk_eswap16//c64P//DSP_blk_eswap16_64P_BE_ELF"/>
        <file name="src/DSP_blk_eswap32//c64P//DSP_blk_eswap32_64P_LE_COFF"/>
        <file name="src/DSP_blk_eswap32/DSP_blk_eswap32.h"/>
        <file name="src/DSP_blk_eswap32//c64P/DSP_blk_eswap32.h"/>
        <file name="src/DSP_blk_eswap32//c64P/DSP_blk_eswap32_cn.h"/>
        <file name="src/DSP_blk_eswap32//c64P/DSP_blk_eswap32_d.c"/>
        <file name="src/DSP_blk_eswap32//c64P//DSP_blk_eswap32_64P_BE_COFF"/>
        <file name="src/DSP_blk_eswap32//c64P//DSP_blk_eswap32_64P_LE_ELF"/>
        <file name="src/DSP_blk_eswap32//c64P//DSP_blk_eswap32_64P_BE_ELF"/>
        <file name="src/DSP_blk_eswap64//c64P//DSP_blk_eswap64_64P_LE_COFF"/>
        <file name="src/DSP_blk_eswap64/DSP_blk_eswap64.h"/>
        <file name="src/DSP_blk_eswap64//c64P/DSP_blk_eswap64.h"/>
        <file name="src/DSP_blk_eswap64//c64P/DSP_blk_eswap64_cn.h"/>
        <file name="src/DSP_blk_eswap64//c64P/DSP_blk_eswap64_d.c"/>
        <file name="src/DSP_blk_eswap64//c64P//DSP_blk_eswap64_64P_BE_COFF"/>
        <file name="src/DSP_blk_eswap64//c64P//DSP_blk_eswap64_64P_LE_ELF"/>
        <file name="src/DSP_blk_eswap64//c64P//DSP_blk_eswap64_64P_BE_ELF"/>
        <file name="src/DSP_blk_move//c64P//DSP_blk_move_64P_LE_COFF"/>
        <file name="src/DSP_blk_move/DSP_blk_move.h"/>
        <file name="src/DSP_blk_move//c64P/DSP_blk_move.h"/>
        <file name="src/DSP_blk_move//c64P/DSP_blk_move_cn.h"/>
        <file name="src/DSP_blk_move//c64P/DSP_blk_move_d.c"/>
        <file name="src/DSP_blk_move//c64P//DSP_blk_move_64P_BE_COFF"/>
        <file name="src/DSP_blk_move//c64P//DSP_blk_move_64P_LE_ELF"/>
        <file name="src/DSP_blk_move//c64P//DSP_blk_move_64P_BE_ELF"/>
        <file name="src/DSP_dotprod//c64P//DSP_dotprod_64P_LE_COFF"/>
        <file name="src/DSP_dotprod/DSP_dotprod.h"/>
        <file name="src/DSP_dotprod//c64P/DSP_dotprod.h"/>
        <file name="src/DSP_dotprod//c64P/DSP_dotprod_cn.h"/>
        <file name="src/DSP_dotprod//c64P/DSP_dotprod_d.c"/>
        <file name="src/DSP_dotprod//c64P//DSP_dotprod_64P_BE_COFF"/>
        <file name="src/DSP_dotprod//c64P//DSP_dotprod_64P_LE_ELF"/>
        <file name="src/DSP_dotprod//c64P//DSP_dotprod_64P_BE_ELF"/>
        <file name="src/DSP_dotp_sqr//c64P//DSP_dotp_sqr_64P_LE_COFF"/>
        <file name="src/DSP_dotp_sqr/DSP_dotp_sqr.h"/>
        <file name="src/DSP_dotp_sqr//c64P/DSP_dotp_sqr.h"/>
        <file name="src/DSP_dotp_sqr//c64P/DSP_dotp_sqr_cn.h"/>
        <file name="src/DSP_dotp_sqr//c64P/DSP_dotp_sqr_d.c"/>
        <file name="src/DSP_dotp_sqr//c64P//DSP_dotp_sqr_64P_BE_COFF"/>
        <file name="src/DSP_dotp_sqr//c64P//DSP_dotp_sqr_64P_LE_ELF"/>
        <file name="src/DSP_dotp_sqr//c64P//DSP_dotp_sqr_64P_BE_ELF"/>
        <file name="src/DSP_fft16x16r//c64P//DSP_fft16x16r_64P_LE_COFF"/>
        <file name="src/DSP_fft16x16r/DSP_fft16x16r.h"/>
        <file name="src/DSP_fft16x16r//c64P/DSP_fft16x16r.h"/>
        <file name="src/DSP_fft16x16r//c64P/DSP_fft16x16r_cn.h"/>
        <file name="src/DSP_fft16x16r//c64P/DSP_fft16x16r_d.c"/>
        <file name="src/DSP_fft16x16r//c64P/DSP_fft16x16r_i.h"/>
        <file name="src/DSP_fft16x16r//c64P/gen_twiddle_fft16x16.c"/>
        <file name="src/DSP_fft16x16r//c64P/gen_twiddle_fft16x16.h"/>
        <file name="src/DSP_fft16x16r//c64P//DSP_fft16x16r_64P_BE_COFF"/>
        <file name="src/DSP_fft16x16r//c64P//DSP_fft16x16r_64P_LE_ELF"/>
        <file name="src/DSP_fft16x16r//c64P//DSP_fft16x16r_64P_BE_ELF"/>
        <file name="src/DSP_fft16x16//c64P//DSP_fft16x16_64P_LE_COFF"/>
        <file name="src/DSP_fft16x16/DSP_fft16x16.h"/>
        <file name="src/DSP_fft16x16//c64P/DSP_fft16x16.h"/>
        <file name="src/DSP_fft16x16//c64P/DSP_fft16x16_cn.h"/>
        <file name="src/DSP_fft16x16//c64P/DSP_fft16x16_d.c"/>
        <file name="src/DSP_fft16x16//c64P/DSP_fft16x16_i.h"/>
        <file name="src/DSP_fft16x16//c64P/gen_twiddle_fft16x16.c"/>
        <file name="src/DSP_fft16x16//c64P/gen_twiddle_fft16x16.h"/>
        <file name="src/DSP_fft16x16//c64P//DSP_fft16x16_64P_BE_COFF"/>
        <file name="src/DSP_fft16x16//c64P//DSP_fft16x16_64P_LE_ELF"/>
        <file name="src/DSP_fft16x16//c64P//DSP_fft16x16_64P_BE_ELF"/>
        <file name="src/DSP_fft16x16_imre//c64P//DSP_fft16x16_imre_64P_LE_COFF"/>
        <file name="src/DSP_fft16x16_imre/DSP_fft16x16_imre.h"/>
        <file name="src/DSP_fft16x16_imre//c64P/DSP_fft16x16_imre.h"/>
        <file name="src/DSP_fft16x16_imre//c64P/DSP_fft16x16_imre_cn.h"/>
        <file name="src/DSP_fft16x16_imre//c64P/DSP_fft16x16_imre_d.c"/>
        <file name="src/DSP_fft16x16_imre//c64P/DSP_fft16x16_imre_i.h"/>
        <file name="src/DSP_fft16x16_imre//c64P/gen_twiddle_fft16x16_imre.c"/>
        <file name="src/DSP_fft16x16_imre//c64P/gen_twiddle_fft16x16_imre.h"/>
        <file name="src/DSP_fft16x16_imre//c64P//DSP_fft16x16_imre_64P_BE_COFF"/>
        <file name="src/DSP_fft16x16_imre//c64P//DSP_fft16x16_imre_64P_LE_ELF"/>
        <file name="src/DSP_fft16x16_imre//c64P//DSP_fft16x16_imre_64P_BE_ELF"/>
        <file name="src/DSP_fft16x32//c64P//DSP_fft16x32_64P_LE_COFF"/>
        <file name="src/DSP_fft16x32/DSP_fft16x32.h"/>
        <file name="src/DSP_fft16x32//c64P/DSP_fft16x32.h"/>
        <file name="src/DSP_fft16x32//c64P/DSP_fft16x32_cn.h"/>
        <file name="src/DSP_fft16x32//c64P/DSP_fft16x32_d.c"/>
        <file name="src/DSP_fft16x32//c64P/DSP_fft16x32_i.h"/>
        <file name="src/DSP_fft16x32//c64P/gen_twiddle_fft16x32.c"/>
        <file name="src/DSP_fft16x32//c64P/gen_twiddle_fft16x32.h"/>
        <file name="src/DSP_fft16x32//c64P//DSP_fft16x32_64P_BE_COFF"/>
        <file name="src/DSP_fft16x32//c64P//DSP_fft16x32_64P_LE_ELF"/>
        <file name="src/DSP_fft16x32//c64P//DSP_fft16x32_64P_BE_ELF"/>
        <file name="src/DSP_fft32x32s//c64P//DSP_fft32x32s_64P_LE_COFF"/>
        <file name="src/DSP_fft32x32s/DSP_fft32x32s.h"/>
        <file name="src/DSP_fft32x32s//c64P/DSP_fft32x32s.h"/>
        <file name="src/DSP_fft32x32s//c64P/DSP_fft32x32s_cn.h"/>
        <file name="src/DSP_fft32x32s//c64P/DSP_fft32x32s_d.c"/>
        <file name="src/DSP_fft32x32s//c64P/DSP_fft32x32s_i.h"/>
        <file name="src/DSP_fft32x32s//c64P/gen_twiddle_fft32x32.c"/>
        <file name="src/DSP_fft32x32s//c64P/gen_twiddle_fft32x32.h"/>
        <file name="src/DSP_fft32x32s//c64P//DSP_fft32x32s_64P_BE_COFF"/>
        <file name="src/DSP_fft32x32s//c64P//DSP_fft32x32s_64P_LE_ELF"/>
        <file name="src/DSP_fft32x32s//c64P//DSP_fft32x32s_64P_BE_ELF"/>
        <file name="src/DSP_fft32x32//c64P//DSP_fft32x32_64P_LE_COFF"/>
        <file name="src/DSP_fft32x32/DSP_fft32x32.h"/>
        <file name="src/DSP_fft32x32//c64P/DSP_fft32x32.h"/>
        <file name="src/DSP_fft32x32//c64P/DSP_fft32x32_cn.h"/>
        <file name="src/DSP_fft32x32//c64P/DSP_fft32x32_d.c"/>
        <file name="src/DSP_fft32x32//c64P/DSP_fft32x32_i.h"/>
        <file name="src/DSP_fft32x32//c64P/gen_twiddle_fft32x32.c"/>
        <file name="src/DSP_fft32x32//c64P/gen_twiddle_fft32x32.h"/>
        <file name="src/DSP_fft32x32//c64P//DSP_fft32x32_64P_BE_COFF"/>
        <file name="src/DSP_fft32x32//c64P//DSP_fft32x32_64P_LE_ELF"/>
        <file name="src/DSP_fft32x32//c64P//DSP_fft32x32_64P_BE_ELF"/>
        <file name="src/DSP_firlms2//c64P//DSP_firlms2_64P_LE_COFF"/>
        <file name="src/DSP_firlms2/DSP_firlms2.h"/>
        <file name="src/DSP_firlms2//c64P/DSP_firlms2.h"/>
        <file name="src/DSP_firlms2//c64P/DSP_firlms2_cn.h"/>
        <file name="src/DSP_firlms2//c64P/DSP_firlms2_d.c"/>
        <file name="src/DSP_firlms2//c64P//DSP_firlms2_64P_BE_COFF"/>
        <file name="src/DSP_firlms2//c64P//DSP_firlms2_64P_LE_ELF"/>
        <file name="src/DSP_firlms2//c64P//DSP_firlms2_64P_BE_ELF"/>
        <file name="src/DSP_fir_cplx//c64P//DSP_fir_cplx_64P_LE_COFF"/>
        <file name="src/DSP_fir_cplx/DSP_fir_cplx.h"/>
        <file name="src/DSP_fir_cplx//c64P/DSP_fir_cplx.h"/>
        <file name="src/DSP_fir_cplx//c64P/DSP_fir_cplx_cn.h"/>
        <file name="src/DSP_fir_cplx//c64P/DSP_fir_cplx_d.c"/>
        <file name="src/DSP_fir_cplx//c64P//DSP_fir_cplx_64P_BE_COFF"/>
        <file name="src/DSP_fir_cplx//c64P//DSP_fir_cplx_64P_LE_ELF"/>
        <file name="src/DSP_fir_cplx//c64P//DSP_fir_cplx_64P_BE_ELF"/>
        <file name="src/DSP_fir_cplx_hM4X4//c64P//DSP_fir_cplx_hM4X4_64P_LE_COFF"/>
        <file name="src/DSP_fir_cplx_hM4X4/DSP_fir_cplx_hM4X4.h"/>
        <file name="src/DSP_fir_cplx_hM4X4//c64P/DSP_fir_cplx_hM4X4.h"/>
        <file name="src/DSP_fir_cplx_hM4X4//c64P/DSP_fir_cplx_hM4X4_cn.h"/>
        <file name="src/DSP_fir_cplx_hM4X4//c64P/DSP_fir_cplx_hM4X4_d.c"/>
        <file name="src/DSP_fir_cplx_hM4X4//c64P//DSP_fir_cplx_hM4X4_64P_BE_COFF"/>
        <file name="src/DSP_fir_cplx_hM4X4//c64P//DSP_fir_cplx_hM4X4_64P_LE_ELF"/>
        <file name="src/DSP_fir_cplx_hM4X4//c64P//DSP_fir_cplx_hM4X4_64P_BE_ELF"/>
        <file name="src/DSP_fir_gen//c64P//DSP_fir_gen_64P_LE_COFF"/>
        <file name="src/DSP_fir_gen/DSP_fir_gen.h"/>
        <file name="src/DSP_fir_gen//c64P/DSP_fir_gen.h"/>
        <file name="src/DSP_fir_gen//c64P/DSP_fir_gen_cn.h"/>
        <file name="src/DSP_fir_gen//c64P/DSP_fir_gen_d.c"/>
        <file name="src/DSP_fir_gen//c64P//DSP_fir_gen_64P_BE_COFF"/>
        <file name="src/DSP_fir_gen//c64P//DSP_fir_gen_64P_LE_ELF"/>
        <file name="src/DSP_fir_gen//c64P//DSP_fir_gen_64P_BE_ELF"/>
        <file name="src/DSP_fir_gen_hM17_rA8X8//c64P//DSP_fir_gen_hM17_rA8X8_64P_LE_COFF"/>
        <file name="src/DSP_fir_gen_hM17_rA8X8/DSP_fir_gen_hM17_rA8X8.h"/>
        <file name="src/DSP_fir_gen_hM17_rA8X8//c64P/DSP_fir_gen_hM17_rA8X8.h"/>
        <file name="src/DSP_fir_gen_hM17_rA8X8//c64P/DSP_fir_gen_hM17_rA8X8_cn.h"/>
        <file name="src/DSP_fir_gen_hM17_rA8X8//c64P/DSP_fir_gen_hM17_rA8X8_d.c"/>
        <file name="src/DSP_fir_gen_hM17_rA8X8//c64P//DSP_fir_gen_hM17_rA8X8_64P_BE_COFF"/>
        <file name="src/DSP_fir_gen_hM17_rA8X8//c64P//DSP_fir_gen_hM17_rA8X8_64P_LE_ELF"/>
        <file name="src/DSP_fir_gen_hM17_rA8X8//c64P//DSP_fir_gen_hM17_rA8X8_64P_BE_ELF"/>
        <file name="src/DSP_fir_r4//c64P//DSP_fir_r4_64P_LE_COFF"/>
        <file name="src/DSP_fir_r4/DSP_fir_r4.h"/>
        <file name="src/DSP_fir_r4//c64P/DSP_fir_r4.h"/>
        <file name="src/DSP_fir_r4//c64P/DSP_fir_r4_cn.h"/>
        <file name="src/DSP_fir_r4//c64P/DSP_fir_r4_d.c"/>
        <file name="src/DSP_fir_r4//c64P//DSP_fir_r4_64P_BE_COFF"/>
        <file name="src/DSP_fir_r4//c64P//DSP_fir_r4_64P_LE_ELF"/>
        <file name="src/DSP_fir_r4//c64P//DSP_fir_r4_64P_BE_ELF"/>
        <file name="src/DSP_fir_r8//c64P//DSP_fir_r8_64P_LE_COFF"/>
        <file name="src/DSP_fir_r8/DSP_fir_r8.h"/>
        <file name="src/DSP_fir_r8//c64P/DSP_fir_r8.h"/>
        <file name="src/DSP_fir_r8//c64P/DSP_fir_r8_cn.h"/>
        <file name="src/DSP_fir_r8//c64P/DSP_fir_r8_d.c"/>
        <file name="src/DSP_fir_r8//c64P//DSP_fir_r8_64P_BE_COFF"/>
        <file name="src/DSP_fir_r8//c64P//DSP_fir_r8_64P_LE_ELF"/>
        <file name="src/DSP_fir_r8//c64P//DSP_fir_r8_64P_BE_ELF"/>
        <file name="src/DSP_fir_r8_hM16_rM8A8X8//c64P//DSP_fir_r8_hM16_rM8A8X8_64P_LE_COFF"/>
        <file name="src/DSP_fir_r8_hM16_rM8A8X8/DSP_fir_r8_hM16_rM8A8X8.h"/>
        <file name="src/DSP_fir_r8_hM16_rM8A8X8//c64P/DSP_fir_r8_hM16_rM8A8X8.h"/>
        <file name="src/DSP_fir_r8_hM16_rM8A8X8//c64P/DSP_fir_r8_hM16_rM8A8X8_cn.h"/>
        <file name="src/DSP_fir_r8_hM16_rM8A8X8//c64P/DSP_fir_r8_hM16_rM8A8X8_d.c"/>
        <file name="src/DSP_fir_r8_hM16_rM8A8X8//c64P//DSP_fir_r8_hM16_rM8A8X8_64P_BE_COFF"/>
        <file name="src/DSP_fir_r8_hM16_rM8A8X8//c64P//DSP_fir_r8_hM16_rM8A8X8_64P_LE_ELF"/>
        <file name="src/DSP_fir_r8_hM16_rM8A8X8//c64P//DSP_fir_r8_hM16_rM8A8X8_64P_BE_ELF"/>
        <file name="src/DSP_fir_sym//c64P//DSP_fir_sym_64P_LE_COFF"/>
        <file name="src/DSP_fir_sym/DSP_fir_sym.h"/>
        <file name="src/DSP_fir_sym//c64P/DSP_fir_sym.h"/>
        <file name="src/DSP_fir_sym//c64P/DSP_fir_sym_cn.h"/>
        <file name="src/DSP_fir_sym//c64P/DSP_fir_sym_d.c"/>
        <file name="src/DSP_fir_sym//c64P//DSP_fir_sym_64P_BE_COFF"/>
        <file name="src/DSP_fir_sym//c64P//DSP_fir_sym_64P_LE_ELF"/>
        <file name="src/DSP_fir_sym//c64P//DSP_fir_sym_64P_BE_ELF"/>
        <file name="src/DSP_fltoq15//c64P//DSP_fltoq15_64P_LE_COFF"/>
        <file name="src/DSP_fltoq15/DSP_fltoq15.h"/>
        <file name="src/DSP_fltoq15//c64P/DSP_fltoq15.h"/>
        <file name="src/DSP_fltoq15//c64P/DSP_fltoq15_cn.h"/>
        <file name="src/DSP_fltoq15//c64P/DSP_fltoq15_d.c"/>
        <file name="src/DSP_fltoq15//c64P//DSP_fltoq15_64P_BE_COFF"/>
        <file name="src/DSP_fltoq15//c64P//DSP_fltoq15_64P_LE_ELF"/>
        <file name="src/DSP_fltoq15//c64P//DSP_fltoq15_64P_BE_ELF"/>
        <file name="src/DSP_ifft16x16//c64P//DSP_ifft16x16_64P_LE_COFF"/>
        <file name="src/DSP_ifft16x16/DSP_ifft16x16.h"/>
        <file name="src/DSP_ifft16x16//c64P/DSP_ifft16x16.h"/>
        <file name="src/DSP_ifft16x16//c64P/DSP_ifft16x16_cn.h"/>
        <file name="src/DSP_ifft16x16//c64P/DSP_ifft16x16_d.c"/>
        <file name="src/DSP_ifft16x16//c64P/DSP_ifft16x16_i.h"/>
        <file name="src/DSP_ifft16x16//c64P/gen_twiddle_ifft16x16.c"/>
        <file name="src/DSP_ifft16x16//c64P/gen_twiddle_ifft16x16.h"/>
        <file name="src/DSP_ifft16x16//c64P//DSP_ifft16x16_64P_BE_COFF"/>
        <file name="src/DSP_ifft16x16//c64P//DSP_ifft16x16_64P_LE_ELF"/>
        <file name="src/DSP_ifft16x16//c64P//DSP_ifft16x16_64P_BE_ELF"/>
        <file name="src/DSP_ifft16x16_imre//c64P//DSP_ifft16x16_imre_64P_LE_COFF"/>
        <file name="src/DSP_ifft16x16_imre/DSP_ifft16x16_imre.h"/>
        <file name="src/DSP_ifft16x16_imre//c64P/DSP_ifft16x16_imre.h"/>
        <file name="src/DSP_ifft16x16_imre//c64P/DSP_ifft16x16_imre_cn.h"/>
        <file name="src/DSP_ifft16x16_imre//c64P/DSP_ifft16x16_imre_d.c"/>
        <file name="src/DSP_ifft16x16_imre//c64P/DSP_ifft16x16_imre_i.h"/>
        <file name="src/DSP_ifft16x16_imre//c64P/gen_twiddle_ifft16x16_imre.c"/>
        <file name="src/DSP_ifft16x16_imre//c64P/gen_twiddle_ifft16x16_imre.h"/>
        <file name="src/DSP_ifft16x16_imre//c64P//DSP_ifft16x16_imre_64P_BE_COFF"/>
        <file name="src/DSP_ifft16x16_imre//c64P//DSP_ifft16x16_imre_64P_LE_ELF"/>
        <file name="src/DSP_ifft16x16_imre//c64P//DSP_ifft16x16_imre_64P_BE_ELF"/>
        <file name="src/DSP_ifft16x32//c64P//DSP_ifft16x32_64P_LE_COFF"/>
        <file name="src/DSP_ifft16x32/DSP_ifft16x32.h"/>
        <file name="src/DSP_ifft16x32//c64P/DSP_ifft16x32.h"/>
        <file name="src/DSP_ifft16x32//c64P/DSP_ifft16x32_cn.h"/>
        <file name="src/DSP_ifft16x32//c64P/DSP_ifft16x32_d.c"/>
        <file name="src/DSP_ifft16x32//c64P/DSP_ifft16x32_i.h"/>
        <file name="src/DSP_ifft16x32//c64P/gen_twiddle_fft16x32.c"/>
        <file name="src/DSP_ifft16x32//c64P/gen_twiddle_fft16x32.h"/>
        <file name="src/DSP_ifft16x32//c64P//DSP_ifft16x32_64P_BE_COFF"/>
        <file name="src/DSP_ifft16x32//c64P//DSP_ifft16x32_64P_LE_ELF"/>
        <file name="src/DSP_ifft16x32//c64P//DSP_ifft16x32_64P_BE_ELF"/>
        <file name="src/DSP_ifft32x32//c64P//DSP_ifft32x32_64P_LE_COFF"/>
        <file name="src/DSP_ifft32x32/DSP_ifft32x32.h"/>
        <file name="src/DSP_ifft32x32//c64P/DSP_ifft32x32.h"/>
        <file name="src/DSP_ifft32x32//c64P/DSP_ifft32x32_cn.h"/>
        <file name="src/DSP_ifft32x32//c64P/DSP_ifft32x32_d.c"/>
        <file name="src/DSP_ifft32x32//c64P/DSP_ifft32x32_i.h"/>
        <file name="src/DSP_ifft32x32//c64P/gen_twiddle_fft32x32.c"/>
        <file name="src/DSP_ifft32x32//c64P/gen_twiddle_fft32x32.h"/>
        <file name="src/DSP_ifft32x32//c64P//DSP_ifft32x32_64P_BE_COFF"/>
        <file name="src/DSP_ifft32x32//c64P//DSP_ifft32x32_64P_LE_ELF"/>
        <file name="src/DSP_ifft32x32//c64P//DSP_ifft32x32_64P_BE_ELF"/>
        <file name="src/DSP_iir//c64P//DSP_iir_64P_LE_COFF"/>
        <file name="src/DSP_iir/DSP_iir.h"/>
        <file name="src/DSP_iir//c64P/DSP_iir.h"/>
        <file name="src/DSP_iir//c64P/DSP_iir_cn.h"/>
        <file name="src/DSP_iir//c64P/DSP_iir_d.c"/>
        <file name="src/DSP_iir//c64P//DSP_iir_64P_BE_COFF"/>
        <file name="src/DSP_iir//c64P//DSP_iir_64P_LE_ELF"/>
        <file name="src/DSP_iir//c64P//DSP_iir_64P_BE_ELF"/>
        <file name="src/DSP_iir_lat//c64P//DSP_iir_lat_64P_LE_COFF"/>
        <file name="src/DSP_iir_lat/DSP_iir_lat.h"/>
        <file name="src/DSP_iir_lat//c64P/DSP_iir_lat.h"/>
        <file name="src/DSP_iir_lat//c64P/DSP_iir_lat_cn.h"/>
        <file name="src/DSP_iir_lat//c64P/DSP_iir_lat_d.c"/>
        <file name="src/DSP_iir_lat//c64P//DSP_iir_lat_64P_BE_COFF"/>
        <file name="src/DSP_iir_lat//c64P//DSP_iir_lat_64P_LE_ELF"/>
        <file name="src/DSP_iir_lat//c64P//DSP_iir_lat_64P_BE_ELF"/>
        <file name="src/DSP_iir_ss//c64P//DSP_iir_ss_64P_LE_COFF"/>
        <file name="src/DSP_iir_ss/DSP_iir_ss.h"/>
        <file name="src/DSP_iir_ss//c64P/DSP_iir_ss.h"/>
        <file name="src/DSP_iir_ss//c64P/DSP_iir_ss_cn.h"/>
        <file name="src/DSP_iir_ss//c64P/DSP_iir_ss_d.c"/>
        <file name="src/DSP_iir_ss//c64P//DSP_iir_ss_64P_BE_COFF"/>
        <file name="src/DSP_iir_ss//c64P//DSP_iir_ss_64P_LE_ELF"/>
        <file name="src/DSP_iir_ss//c64P//DSP_iir_ss_64P_BE_ELF"/>
        <file name="src/DSP_mat_mul//c64P//DSP_mat_mul_64P_LE_COFF"/>
        <file name="src/DSP_mat_mul/DSP_mat_mul.h"/>
        <file name="src/DSP_mat_mul//c64P/DSP_mat_mul.h"/>
        <file name="src/DSP_mat_mul//c64P/DSP_mat_mul_cn.h"/>
        <file name="src/DSP_mat_mul//c64P/DSP_mat_mul_d.c"/>
        <file name="src/DSP_mat_mul//c64P//DSP_mat_mul_64P_BE_COFF"/>
        <file name="src/DSP_mat_mul//c64P//DSP_mat_mul_64P_LE_ELF"/>
        <file name="src/DSP_mat_mul//c64P//DSP_mat_mul_64P_BE_ELF"/>
        <file name="src/DSP_mat_mul_cplx//c64P//DSP_mat_mul_cplx_64P_LE_COFF"/>
        <file name="src/DSP_mat_mul_cplx/DSP_mat_mul_cplx.h"/>
        <file name="src/DSP_mat_mul_cplx//c64P/DSP_mat_mul_cplx.h"/>
        <file name="src/DSP_mat_mul_cplx//c64P/DSP_mat_mul_cplx_cn.h"/>
        <file name="src/DSP_mat_mul_cplx//c64P/DSP_mat_mul_cplx_d.c"/>
        <file name="src/DSP_mat_mul_cplx//c64P//DSP_mat_mul_cplx_64P_BE_COFF"/>
        <file name="src/DSP_mat_mul_cplx//c64P//DSP_mat_mul_cplx_64P_LE_ELF"/>
        <file name="src/DSP_mat_mul_cplx//c64P//DSP_mat_mul_cplx_64P_BE_ELF"/>
        <file name="src/DSP_mat_trans//c64P//DSP_mat_trans_64P_LE_COFF"/>
        <file name="src/DSP_mat_trans/DSP_mat_trans.h"/>
        <file name="src/DSP_mat_trans//c64P/DSP_mat_trans.h"/>
        <file name="src/DSP_mat_trans//c64P/DSP_mat_trans_cn.h"/>
        <file name="src/DSP_mat_trans//c64P/DSP_mat_trans_d.c"/>
        <file name="src/DSP_mat_trans//c64P//DSP_mat_trans_64P_BE_COFF"/>
        <file name="src/DSP_mat_trans//c64P//DSP_mat_trans_64P_LE_ELF"/>
        <file name="src/DSP_mat_trans//c64P//DSP_mat_trans_64P_BE_ELF"/>
        <file name="src/DSP_maxidx//c64P//DSP_maxidx_64P_LE_COFF"/>
        <file name="src/DSP_maxidx/DSP_maxidx.h"/>
        <file name="src/DSP_maxidx//c64P/DSP_maxidx.h"/>
        <file name="src/DSP_maxidx//c64P/DSP_maxidx_cn.h"/>
        <file name="src/DSP_maxidx//c64P/DSP_maxidx_d.c"/>
        <file name="src/DSP_maxidx//c64P//DSP_maxidx_64P_BE_COFF"/>
        <file name="src/DSP_maxidx//c64P//DSP_maxidx_64P_LE_ELF"/>
        <file name="src/DSP_maxidx//c64P//DSP_maxidx_64P_BE_ELF"/>
        <file name="src/DSP_maxval//c64P//DSP_maxval_64P_LE_COFF"/>
        <file name="src/DSP_maxval/DSP_maxval.h"/>
        <file name="src/DSP_maxval//c64P/DSP_maxval.h"/>
        <file name="src/DSP_maxval//c64P/DSP_maxval_cn.h"/>
        <file name="src/DSP_maxval//c64P/DSP_maxval_d.c"/>
        <file name="src/DSP_maxval//c64P//DSP_maxval_64P_BE_COFF"/>
        <file name="src/DSP_maxval//c64P//DSP_maxval_64P_LE_ELF"/>
        <file name="src/DSP_maxval//c64P//DSP_maxval_64P_BE_ELF"/>
        <file name="src/DSP_minerror//c64P//DSP_minerror_64P_LE_COFF"/>
        <file name="src/DSP_minerror/DSP_minerror.h"/>
        <file name="src/DSP_minerror//c64P/DSP_minerror.h"/>
        <file name="src/DSP_minerror//c64P/DSP_minerror_cn.h"/>
        <file name="src/DSP_minerror//c64P/DSP_minerror_d.c"/>
        <file name="src/DSP_minerror//c64P//DSP_minerror_64P_BE_COFF"/>
        <file name="src/DSP_minerror//c64P//DSP_minerror_64P_LE_ELF"/>
        <file name="src/DSP_minerror//c64P//DSP_minerror_64P_BE_ELF"/>
        <file name="src/DSP_minval//c64P//DSP_minval_64P_LE_COFF"/>
        <file name="src/DSP_minval/DSP_minval.h"/>
        <file name="src/DSP_minval//c64P/DSP_minval.h"/>
        <file name="src/DSP_minval//c64P/DSP_minval_cn.h"/>
        <file name="src/DSP_minval//c64P/DSP_minval_d.c"/>
        <file name="src/DSP_minval//c64P//DSP_minval_64P_BE_COFF"/>
        <file name="src/DSP_minval//c64P//DSP_minval_64P_LE_ELF"/>
        <file name="src/DSP_minval//c64P//DSP_minval_64P_BE_ELF"/>
        <file name="src/DSP_mul32//c64P//DSP_mul32_64P_LE_COFF"/>
        <file name="src/DSP_mul32/DSP_mul32.h"/>
        <file name="src/DSP_mul32//c64P/DSP_mul32.h"/>
        <file name="src/DSP_mul32//c64P/DSP_mul32_cn.h"/>
        <file name="src/DSP_mul32//c64P/DSP_mul32_d.c"/>
        <file name="src/DSP_mul32//c64P//DSP_mul32_64P_BE_COFF"/>
        <file name="src/DSP_mul32//c64P//DSP_mul32_64P_LE_ELF"/>
        <file name="src/DSP_mul32//c64P//DSP_mul32_64P_BE_ELF"/>
        <file name="src/DSP_neg32//c64P//DSP_neg32_64P_LE_COFF"/>
        <file name="src/DSP_neg32/DSP_neg32.h"/>
        <file name="src/DSP_neg32//c64P/DSP_neg32.h"/>
        <file name="src/DSP_neg32//c64P/DSP_neg32_cn.h"/>
        <file name="src/DSP_neg32//c64P/DSP_neg32_d.c"/>
        <file name="src/DSP_neg32//c64P//DSP_neg32_64P_BE_COFF"/>
        <file name="src/DSP_neg32//c64P//DSP_neg32_64P_LE_ELF"/>
        <file name="src/DSP_neg32//c64P//DSP_neg32_64P_BE_ELF"/>
        <file name="src/DSP_q15tofl//c64P//DSP_q15tofl_64P_LE_COFF"/>
        <file name="src/DSP_q15tofl/DSP_q15tofl.h"/>
        <file name="src/DSP_q15tofl//c64P/DSP_q15tofl.h"/>
        <file name="src/DSP_q15tofl//c64P/DSP_q15tofl_cn.h"/>
        <file name="src/DSP_q15tofl//c64P/DSP_q15tofl_d.c"/>
        <file name="src/DSP_q15tofl//c64P//DSP_q15tofl_64P_BE_COFF"/>
        <file name="src/DSP_q15tofl//c64P//DSP_q15tofl_64P_LE_ELF"/>
        <file name="src/DSP_q15tofl//c64P//DSP_q15tofl_64P_BE_ELF"/>
        <file name="src/DSP_recip16//c64P//DSP_recip16_64P_LE_COFF"/>
        <file name="src/DSP_recip16/DSP_recip16.h"/>
        <file name="src/DSP_recip16//c64P/DSP_recip16.h"/>
        <file name="src/DSP_recip16//c64P/DSP_recip16_cn.h"/>
        <file name="src/DSP_recip16//c64P/DSP_recip16_d.c"/>
        <file name="src/DSP_recip16//c64P//DSP_recip16_64P_BE_COFF"/>
        <file name="src/DSP_recip16//c64P//DSP_recip16_64P_LE_ELF"/>
        <file name="src/DSP_recip16//c64P//DSP_recip16_64P_BE_ELF"/>
        <file name="src/DSP_vecsumsq//c64P//DSP_vecsumsq_64P_LE_COFF"/>
        <file name="src/DSP_vecsumsq/DSP_vecsumsq.h"/>
        <file name="src/DSP_vecsumsq//c64P/DSP_vecsumsq.h"/>
        <file name="src/DSP_vecsumsq//c64P/DSP_vecsumsq_cn.h"/>
        <file name="src/DSP_vecsumsq//c64P/DSP_vecsumsq_d.c"/>
        <file name="src/DSP_vecsumsq//c64P//DSP_vecsumsq_64P_BE_COFF"/>
        <file name="src/DSP_vecsumsq//c64P//DSP_vecsumsq_64P_LE_ELF"/>
        <file name="src/DSP_vecsumsq//c64P//DSP_vecsumsq_64P_BE_ELF"/>
        <file name="src/DSP_w_vec//c64P//DSP_w_vec_64P_LE_COFF"/>
        <file name="src/DSP_w_vec/DSP_w_vec.h"/>
        <file name="src/DSP_w_vec//c64P/DSP_w_vec.h"/>
        <file name="src/DSP_w_vec//c64P/DSP_w_vec_cn.h"/>
        <file name="src/DSP_w_vec//c64P/DSP_w_vec_d.c"/>
        <file name="src/DSP_w_vec//c64P//DSP_w_vec_64P_BE_COFF"/>
        <file name="src/DSP_w_vec//c64P//DSP_w_vec_64P_LE_ELF"/>
        <file name="src/DSP_w_vec//c64P//DSP_w_vec_64P_BE_ELF"/>
        <file name="docs//doxygen//doxyfile.xdt"/>
        <file name=".//docs//doxygen//html//../DSPLIB.chm"/>
        <file name="./dsplib.h"/>
        <file name="./Version.h"/>
        <file name="docs/manifest/Software_Manifest.html"/>
        <file name="docs/bundle/manifest/doxyfile.xdt"/>
        <file name="docs/bundle/doxygen/doxyfile.xdt"/>
        <file name="docs/manifest/manifest.xml.xdt"/>
        <file name="setenv.bat"/>
        <file name="setxdcpath.js"/>
        <file name="dsplib.h"/>
        <file name="docs/relnotes_archive"/>
        <file name="package.bld"/>
        <file name="Makedocs.mk"/>
        <file name="docs//doxygen//doxygen.h"/>
        <file name="docs//doxygen//Doxyfile"/>
        <file name="package/package.xdc.inc"/>
        <file name="package/package.cfg.xdc.inc"/>
    </release>
    </releases>
    <repositories>
    </repositories>
</package>
