<?xml version="1.0" encoding="UTF-8"?>
<Project>
    <params>
        <name>DSP_fir_r8_h16</name>
        <location>src/DSP_fir_r8_h16//c674/</location>
        <target>674</target>
        <buildArtifact>executable</buildArtifact>
        <files name="src/common//c674/lnk.cmd"/>
        <files name="src/DSP_fir_r8_h16/DSP_fir_r8_h16.h"/>
        <files name="src/DSP_fir_r8_h16//c674/DSP_fir_r8_h16.h"/>
        <files name="src/DSP_fir_r8_h16//c674/DSP_fir_r8_h16_cn.h"/>
        <files name="src/DSP_fir_r8_h16//c674/DSP_fir_r8_h16_d.c"/>
        <cFlags> --mem_model:data=far</cFlags>
    </params>
</Project>
