<?xml version="1.0" encoding="UTF-8"?>
<Project>
    <params>
        <name>DSPF_sp_cfftr4_dif</name>
        <location>src/DSPF_sp_cfftr4_dif//c674/</location>
        <target>674</target>
        <buildArtifact>executable</buildArtifact>
        <files name="src/common//c674/lnk.cmd"/>
        <files name="src/DSPF_sp_cfftr4_dif/DSPF_sp_cfftr4_dif.h"/>
        <files name="src/DSPF_sp_cfftr4_dif//c674/DSPF_sp_cfftr4_dif.h"/>
        <files name="src/DSPF_sp_cfftr4_dif//c674/DSPF_sp_cfftr4_dif_cn.h"/>
        <files name="src/DSPF_sp_cfftr4_dif//c674/DSPF_sp_cfftr4_dif_d.c"/>
        <cFlags> --mem_model:data=far</cFlags>
    </params>
</Project>
