<?xml version="1.0" encoding="UTF-8"?>
<Project>
    <params>
        <name>DSPF_sp_fir_r2</name>
        <location>src/DSPF_sp_fir_r2//c674/</location>
        <target>674</target>
        <buildArtifact>executable</buildArtifact>
        <files name="src/common//c674/lnk.cmd"/>
        <files name="src/DSPF_sp_fir_r2/DSPF_sp_fir_r2.h"/>
        <files name="src/DSPF_sp_fir_r2//c674/DSPF_sp_fir_r2.h"/>
        <files name="src/DSPF_sp_fir_r2//c674/DSPF_sp_fir_r2_cn.h"/>
        <files name="src/DSPF_sp_fir_r2//c674/DSPF_sp_fir_r2_d.c"/>
        <files name="src/DSPF_sp_fir_r2//c674/DSPF_sp_fir_r2_opt.c"/>
        <cFlags> --mem_model:data=far</cFlags>
    </params>
</Project>
