<?xml version="1.0" encoding="UTF-8"?>
<Project>
    <params>
        <name>DSPF_sp_iir</name>
        <location>src/DSPF_sp_iir//c674/</location>
        <target>674</target>
        <buildArtifact>executable</buildArtifact>
        <files name="src/common//c674/lnk.cmd"/>
        <files name="src/DSPF_sp_iir/DSPF_sp_iir.h"/>
        <files name="src/DSPF_sp_iir//c674/DSPF_sp_iir.h"/>
        <files name="src/DSPF_sp_iir//c674/DSPF_sp_iir_cn.h"/>
        <files name="src/DSPF_sp_iir//c674/DSPF_sp_iir_d.c"/>
        <files name="src/DSPF_sp_iir//c674/DSPF_sp_iir_opt.c"/>
        <cFlags> --mem_model:data=far</cFlags>
    </params>
</Project>
