<?xml version="1.0" encoding="UTF-8"?>
<Project>
    <params>
        <name>DSPF_q15tofl</name>
        <location>src/DSPF_q15tofl//c674/</location>
        <target>674</target>
        <buildArtifact>executable</buildArtifact>
        <files name="src/common//c674/lnk.cmd"/>
        <files name="src/DSPF_q15tofl/DSPF_q15tofl.h"/>
        <files name="src/DSPF_q15tofl//c674/DSPF_q15tofl.h"/>
        <files name="src/DSPF_q15tofl//c674/DSPF_q15tofl_cn.h"/>
        <files name="src/DSPF_q15tofl//c674/DSPF_q15tofl_d.c"/>
        <cFlags> --mem_model:data=far</cFlags>
    </params>
</Project>
