<?xml version="1.0" encoding="UTF-8"?>
<Project>
    <params>
        <name>DSPF_sp_mat_mul</name>
        <location>src/DSPF_sp_mat_mul//c674/</location>
        <target>674</target>
        <buildArtifact>executable</buildArtifact>
        <files name="src/common//c674/lnk.cmd"/>
        <files name="src/DSPF_sp_mat_mul/DSPF_sp_mat_mul.h"/>
        <files name="src/DSPF_sp_mat_mul//c674/DSPF_sp_mat_mul.h"/>
        <files name="src/DSPF_sp_mat_mul//c674/DSPF_sp_mat_mul_cn.h"/>
        <files name="src/DSPF_sp_mat_mul//c674/DSPF_sp_mat_mul_d.c"/>
        <files name="src/DSPF_sp_mat_mul//c674/DSPF_sp_mat_mul_opt.c"/>
        <cFlags> --mem_model:data=far</cFlags>
    </params>
</Project>
