<?xml version="1.0" encoding="UTF-8"?>
<Project>
    <params>
        <name>DSPF_blk_eswap64</name>
        <location>src/DSPF_blk_eswap64//c674/</location>
        <target>674</target>
        <buildArtifact>executable</buildArtifact>
        <files name="src/common//c674/lnk.cmd"/>
        <files name="src/DSPF_blk_eswap64/DSPF_blk_eswap64.h"/>
        <files name="src/DSPF_blk_eswap64//c674/DSPF_blk_eswap64.h"/>
        <files name="src/DSPF_blk_eswap64//c674/DSPF_blk_eswap64_cn.h"/>
        <files name="src/DSPF_blk_eswap64//c674/DSPF_blk_eswap64_d.c"/>
        <cFlags> --mem_model:data=far</cFlags>
    </params>
</Project>
