<?xml version="1.0" encoding="UTF-8"?>
<Project>
    <params>
        <name>DSPF_fltoq15</name>
        <location>src/DSPF_fltoq15//c674/</location>
        <target>674</target>
        <buildArtifact>executable</buildArtifact>
        <files name="src/common//c674/lnk.cmd"/>
        <files name="src/DSPF_fltoq15/DSPF_fltoq15.h"/>
        <files name="src/DSPF_fltoq15//c674/DSPF_fltoq15.h"/>
        <files name="src/DSPF_fltoq15//c674/DSPF_fltoq15_cn.h"/>
        <files name="src/DSPF_fltoq15//c674/DSPF_fltoq15_d.c"/>
        <cFlags> --mem_model:data=far</cFlags>
    </params>
</Project>
