<?xml version="1.0" encoding="UTF-8"?>
<Project>
    <params>
        <name>DSPF_sp_iirlat</name>
        <location>src/DSPF_sp_iirlat//c674/</location>
        <target>674</target>
        <buildArtifact>executable</buildArtifact>
        <files name="src/common//c674/lnk.cmd"/>
        <files name="src/DSPF_sp_iirlat/DSPF_sp_iirlat.h"/>
        <files name="src/DSPF_sp_iirlat//c674/DSPF_sp_iirlat.h"/>
        <files name="src/DSPF_sp_iirlat//c674/DSPF_sp_iirlat_cn.h"/>
        <files name="src/DSPF_sp_iirlat//c674/DSPF_sp_iirlat_d.c"/>
        <files name="src/DSPF_sp_iirlat//c674/DSPF_sp_iirlat_opt.c"/>
        <cFlags> --mem_model:data=far</cFlags>
    </params>
</Project>
