<?xml version="1.0" encoding="UTF-8"?>
<Project>
    <params>
        <name>DSPF_sp_cfftr2_dit</name>
        <location>src/DSPF_sp_cfftr2_dit//c674/</location>
        <target>674</target>
        <buildArtifact>executable</buildArtifact>
        <files name="src/common//c674/lnk.cmd"/>
        <files name="src/DSPF_sp_cfftr2_dit/DSPF_sp_cfftr2_dit.h"/>
        <files name="src/DSPF_sp_cfftr2_dit//c674/DSPF_sp_cfftr2_dit.h"/>
        <files name="src/DSPF_sp_cfftr2_dit//c674/DSPF_sp_cfftr2_dit_cn.h"/>
        <files name="src/DSPF_sp_cfftr2_dit//c674/DSPF_sp_cfftr2_dit_d.c"/>
        <cFlags> --mem_model:data=far</cFlags>
    </params>
</Project>
