<?xml version="1.0" encoding="UTF-8"?>
<Project>
    <params>
        <name>DSPF_sp_mat_trans</name>
        <location>src/DSPF_sp_mat_trans//c674/</location>
        <target>674</target>
        <buildArtifact>executable</buildArtifact>
        <files name="src/common//c674/lnk.cmd"/>
        <files name="src/DSPF_sp_mat_trans/DSPF_sp_mat_trans.h"/>
        <files name="src/DSPF_sp_mat_trans//c674/DSPF_sp_mat_trans.h"/>
        <files name="src/DSPF_sp_mat_trans//c674/DSPF_sp_mat_trans_cn.h"/>
        <files name="src/DSPF_sp_mat_trans//c674/DSPF_sp_mat_trans_d.c"/>
        <cFlags> --mem_model:data=far</cFlags>
    </params>
</Project>
