<?xml version="1.0" encoding="UTF-8"?>
<Project>
    <params>
        <name>DSP_bexp</name>
        <location>src/DSP_bexp//c64P/</location>
        <target>64P</target>
        <buildArtifact>executable</buildArtifact>
        <files name="src/common//c64P/lnk.cmd"/>
        <files name="src/DSP_bexp/DSP_bexp.h"/>
        <files name="src/DSP_bexp//c64P/DSP_bexp.h"/>
        <files name="src/DSP_bexp//c64P/DSP_bexp_cn.h"/>
        <files name="src/DSP_bexp//c64P/DSP_bexp_d.c"/>
        <cFlags> --mem_model:data=far</cFlags>
    </params>
</Project>
