<?xml version="1.0" encoding="UTF-8"?>
<Project>
    <params>
        <name>DSP_fft16x16_imre</name>
        <location>src/DSP_fft16x16_imre//c64P/</location>
        <target>64P</target>
        <buildArtifact>executable</buildArtifact>
        <files name="src/common//c64P/lnk.cmd"/>
        <files name="src/DSP_fft16x16_imre/DSP_fft16x16_imre.h"/>
        <files name="src/DSP_fft16x16_imre//c64P/DSP_fft16x16_imre.h"/>
        <files name="src/DSP_fft16x16_imre//c64P/DSP_fft16x16_imre_cn.h"/>
        <files name="src/DSP_fft16x16_imre//c64P/DSP_fft16x16_imre_d.c"/>
        <files name="src/DSP_fft16x16_imre//c64P/DSP_fft16x16_imre_i.h"/>
        <files name="src/DSP_fft16x16_imre//c64P/gen_twiddle_fft16x16_imre.c"/>
        <files name="src/DSP_fft16x16_imre//c64P/gen_twiddle_fft16x16_imre.h"/>
        <cFlags> --mem_model:data=far</cFlags>
    </params>
</Project>
