<?xml version="1.0" encoding="UTF-8"?>
<Project>
    <params>
        <name>DSP_vecsumsq</name>
        <location>src/DSP_vecsumsq//c64P/</location>
        <target>64P</target>
        <buildArtifact>executable</buildArtifact>
        <files name="src/common//c64P/lnk.cmd"/>
        <files name="src/DSP_vecsumsq/DSP_vecsumsq.h"/>
        <files name="src/DSP_vecsumsq//c64P/DSP_vecsumsq.h"/>
        <files name="src/DSP_vecsumsq//c64P/DSP_vecsumsq_cn.h"/>
        <files name="src/DSP_vecsumsq//c64P/DSP_vecsumsq_d.c"/>
        <cFlags> --mem_model:data=far</cFlags>
    </params>
</Project>
