<?xml version="1.0" encoding="UTF-8"?>
<Project>
    <params>
        <name>DSP_minerror</name>
        <location>src/DSP_minerror//c64P/</location>
        <target>64P</target>
        <buildArtifact>executable</buildArtifact>
        <files name="src/common//c64P/lnk.cmd"/>
        <files name="src/DSP_minerror/DSP_minerror.h"/>
        <files name="src/DSP_minerror//c64P/DSP_minerror.h"/>
        <files name="src/DSP_minerror//c64P/DSP_minerror_cn.h"/>
        <files name="src/DSP_minerror//c64P/DSP_minerror_d.c"/>
        <cFlags> --mem_model:data=far</cFlags>
    </params>
</Project>
