<?xml version="1.0" encoding="UTF-8"?>
<Project>
    <params>
        <name>DSP_ifft16x16</name>
        <location>src/DSP_ifft16x16//c64P/</location>
        <target>64P</target>
        <buildArtifact>executable</buildArtifact>
        <files name="src/common//c64P/lnk.cmd"/>
        <files name="src/DSP_ifft16x16/DSP_ifft16x16.h"/>
        <files name="src/DSP_ifft16x16//c64P/DSP_ifft16x16.h"/>
        <files name="src/DSP_ifft16x16//c64P/DSP_ifft16x16_cn.h"/>
        <files name="src/DSP_ifft16x16//c64P/DSP_ifft16x16_d.c"/>
        <files name="src/DSP_ifft16x16//c64P/DSP_ifft16x16_i.h"/>
        <files name="src/DSP_ifft16x16//c64P/gen_twiddle_ifft16x16.c"/>
        <files name="src/DSP_ifft16x16//c64P/gen_twiddle_ifft16x16.h"/>
        <cFlags> --mem_model:data=far</cFlags>
    </params>
</Project>
