<?xml version="1.0" encoding="UTF-8"?>
<Project>
    <params>
        <name>DSP_blk_move</name>
        <location>src/DSP_blk_move//c64P/</location>
        <target>64P</target>
        <buildArtifact>executable</buildArtifact>
        <files name="src/common//c64P/lnk.cmd"/>
        <files name="src/DSP_blk_move/DSP_blk_move.h"/>
        <files name="src/DSP_blk_move//c64P/DSP_blk_move.h"/>
        <files name="src/DSP_blk_move//c64P/DSP_blk_move_cn.h"/>
        <files name="src/DSP_blk_move//c64P/DSP_blk_move_d.c"/>
        <cFlags> --mem_model:data=far</cFlags>
    </params>
</Project>
