<?xml version="1.0" encoding="UTF-8"?>
<Project>
    <params>
        <name>DSP_mat_mul</name>
        <location>src/DSP_mat_mul//c64P/</location>
        <target>64P</target>
        <buildArtifact>executable</buildArtifact>
        <files name="src/common//c64P/lnk.cmd"/>
        <files name="src/DSP_mat_mul/DSP_mat_mul.h"/>
        <files name="src/DSP_mat_mul//c64P/DSP_mat_mul.h"/>
        <files name="src/DSP_mat_mul//c64P/DSP_mat_mul_cn.h"/>
        <files name="src/DSP_mat_mul//c64P/DSP_mat_mul_d.c"/>
        <cFlags> --mem_model:data=far</cFlags>
    </params>
</Project>
