<?xml version="1.0" encoding="UTF-8"?>
<Project>
    <params>
        <name>DSP_add16</name>
        <location>src/DSP_add16//c64P/</location>
        <target>64P</target>
        <buildArtifact>executable</buildArtifact>
        <files name="src/common//c64P/lnk.cmd"/>
        <files name="src/DSP_add16/DSP_add16.h"/>
        <files name="src/DSP_add16//c64P/DSP_add16.h"/>
        <files name="src/DSP_add16//c64P/DSP_add16_cn.h"/>
        <files name="src/DSP_add16//c64P/DSP_add16_d.c"/>
        <cFlags> --mem_model:data=far</cFlags>
    </params>
</Project>
