<?xml version="1.0" encoding="UTF-8"?>
<Project>
    <params>
        <name>DSP_blk_eswap64</name>
        <location>src/DSP_blk_eswap64//c64P/</location>
        <target>64P</target>
        <buildArtifact>executable</buildArtifact>
        <files name="src/common//c64P/lnk.cmd"/>
        <files name="src/DSP_blk_eswap64/DSP_blk_eswap64.h"/>
        <files name="src/DSP_blk_eswap64//c64P/DSP_blk_eswap64.h"/>
        <files name="src/DSP_blk_eswap64//c64P/DSP_blk_eswap64_cn.h"/>
        <files name="src/DSP_blk_eswap64//c64P/DSP_blk_eswap64_d.c"/>
        <cFlags> --mem_model:data=far</cFlags>
    </params>
</Project>
