<?xml version="1.0" encoding="UTF-8"?>
<Project>
    <params>
        <name>DSP_w_vec</name>
        <location>src/DSP_w_vec//c64P/</location>
        <target>64P</target>
        <buildArtifact>executable</buildArtifact>
        <files name="src/common//c64P/lnk.cmd"/>
        <files name="src/DSP_w_vec/DSP_w_vec.h"/>
        <files name="src/DSP_w_vec//c64P/DSP_w_vec.h"/>
        <files name="src/DSP_w_vec//c64P/DSP_w_vec_cn.h"/>
        <files name="src/DSP_w_vec//c64P/DSP_w_vec_d.c"/>
        <cFlags> --mem_model:data=far</cFlags>
    </params>
</Project>
