<?xml version="1.0" encoding="UTF-8"?>
<Project>
    <params>
        <name>DSP_maxval</name>
        <location>src/DSP_maxval//c64P/</location>
        <target>64P</target>
        <buildArtifact>executable</buildArtifact>
        <files name="src/common//c64P/lnk.cmd"/>
        <files name="src/DSP_maxval/DSP_maxval.h"/>
        <files name="src/DSP_maxval//c64P/DSP_maxval.h"/>
        <files name="src/DSP_maxval//c64P/DSP_maxval_cn.h"/>
        <files name="src/DSP_maxval//c64P/DSP_maxval_d.c"/>
        <cFlags> --mem_model:data=far</cFlags>
    </params>
</Project>
