<?xml version="1.0" encoding="UTF-8"?>
<Project>
    <params>
        <name>DSP_fft16x16r</name>
        <location>src/DSP_fft16x16r//c64P/</location>
        <target>64P</target>
        <buildArtifact>executable</buildArtifact>
        <files name="src/common//c64P/lnk.cmd"/>
        <files name="src/DSP_fft16x16r/DSP_fft16x16r.h"/>
        <files name="src/DSP_fft16x16r//c64P/DSP_fft16x16r.h"/>
        <files name="src/DSP_fft16x16r//c64P/DSP_fft16x16r_cn.h"/>
        <files name="src/DSP_fft16x16r//c64P/DSP_fft16x16r_d.c"/>
        <files name="src/DSP_fft16x16r//c64P/DSP_fft16x16r_i.h"/>
        <files name="src/DSP_fft16x16r//c64P/gen_twiddle_fft16x16.c"/>
        <files name="src/DSP_fft16x16r//c64P/gen_twiddle_fft16x16.h"/>
        <cFlags> --mem_model:data=far</cFlags>
    </params>
</Project>
