<?xml version="1.0" encoding="UTF-8"?>
<Project>
    <params>
        <name>DSP_fft16x32</name>
        <location>src/DSP_fft16x32//c64P/</location>
        <target>64P</target>
        <buildArtifact>executable</buildArtifact>
        <files name="src/common//c64P/lnk.cmd"/>
        <files name="src/DSP_fft16x32/DSP_fft16x32.h"/>
        <files name="src/DSP_fft16x32//c64P/DSP_fft16x32.h"/>
        <files name="src/DSP_fft16x32//c64P/DSP_fft16x32_cn.h"/>
        <files name="src/DSP_fft16x32//c64P/DSP_fft16x32_d.c"/>
        <files name="src/DSP_fft16x32//c64P/DSP_fft16x32_i.h"/>
        <files name="src/DSP_fft16x32//c64P/gen_twiddle_fft16x32.c"/>
        <files name="src/DSP_fft16x32//c64P/gen_twiddle_fft16x32.h"/>
        <cFlags> --mem_model:data=far</cFlags>
    </params>
</Project>
