<?xml version="1.0" encoding="UTF-8"?>
<Project>
    <params>
        <name>DSP_fir_cplx_hM4X4</name>
        <location>src/DSP_fir_cplx_hM4X4//c64P/</location>
        <target>64P</target>
        <buildArtifact>executable</buildArtifact>
        <files name="src/common//c64P/lnk.cmd"/>
        <files name="src/DSP_fir_cplx_hM4X4/DSP_fir_cplx_hM4X4.h"/>
        <files name="src/DSP_fir_cplx_hM4X4//c64P/DSP_fir_cplx_hM4X4.h"/>
        <files name="src/DSP_fir_cplx_hM4X4//c64P/DSP_fir_cplx_hM4X4_cn.h"/>
        <files name="src/DSP_fir_cplx_hM4X4//c64P/DSP_fir_cplx_hM4X4_d.c"/>
        <cFlags> --mem_model:data=far</cFlags>
    </params>
</Project>
