<?xml version="1.0" encoding="UTF-8"?>
<Project>
    <params>
        <name>DSP_fir_sym</name>
        <location>src/DSP_fir_sym//c64P/</location>
        <target>64P</target>
        <buildArtifact>executable</buildArtifact>
        <files name="src/common//c64P/lnk.cmd"/>
        <files name="src/DSP_fir_sym/DSP_fir_sym.h"/>
        <files name="src/DSP_fir_sym//c64P/DSP_fir_sym.h"/>
        <files name="src/DSP_fir_sym//c64P/DSP_fir_sym_cn.h"/>
        <files name="src/DSP_fir_sym//c64P/DSP_fir_sym_d.c"/>
        <cFlags> --mem_model:data=far</cFlags>
    </params>
</Project>
