<?xml version="1.0" encoding="UTF-8"?>
<Project>
    <params>
        <name>DSP_firlms2</name>
        <location>src/DSP_firlms2//c64P/</location>
        <target>64P</target>
        <buildArtifact>executable</buildArtifact>
        <files name="src/common//c64P/lnk.cmd"/>
        <files name="src/DSP_firlms2/DSP_firlms2.h"/>
        <files name="src/DSP_firlms2//c64P/DSP_firlms2.h"/>
        <files name="src/DSP_firlms2//c64P/DSP_firlms2_cn.h"/>
        <files name="src/DSP_firlms2//c64P/DSP_firlms2_d.c"/>
        <cFlags> --mem_model:data=far</cFlags>
    </params>
</Project>
