<?xml version="1.0" encoding="UTF-8"?>
<Project>
    <params>
        <name>DSP_dotp_sqr</name>
        <location>src/DSP_dotp_sqr//c64P/</location>
        <target>64P</target>
        <buildArtifact>executable</buildArtifact>
        <files name="src/common//c64P/lnk.cmd"/>
        <files name="src/DSP_dotp_sqr/DSP_dotp_sqr.h"/>
        <files name="src/DSP_dotp_sqr//c64P/DSP_dotp_sqr.h"/>
        <files name="src/DSP_dotp_sqr//c64P/DSP_dotp_sqr_cn.h"/>
        <files name="src/DSP_dotp_sqr//c64P/DSP_dotp_sqr_d.c"/>
        <cFlags> --mem_model:data=far</cFlags>
    </params>
</Project>
