<?xml version="1.0" encoding="UTF-8"?>
<Project>
    <params>
        <name>DSP_minval</name>
        <location>src/DSP_minval//c64P/</location>
        <target>64P</target>
        <buildArtifact>executable</buildArtifact>
        <files name="src/common//c64P/lnk.cmd"/>
        <files name="src/DSP_minval/DSP_minval.h"/>
        <files name="src/DSP_minval//c64P/DSP_minval.h"/>
        <files name="src/DSP_minval//c64P/DSP_minval_cn.h"/>
        <files name="src/DSP_minval//c64P/DSP_minval_d.c"/>
        <cFlags> --mem_model:data=far</cFlags>
    </params>
</Project>
