<?xml version="1.0" encoding="UTF-8"?>
<Project>
    <params>
        <name>DSP_autocor</name>
        <location>src/DSP_autocor//c64P/</location>
        <target>64P</target>
        <buildArtifact>executable</buildArtifact>
        <files name="src/common//c64P/lnk.cmd"/>
        <files name="src/DSP_autocor/DSP_autocor.h"/>
        <files name="src/DSP_autocor//c64P/DSP_autocor.h"/>
        <files name="src/DSP_autocor//c64P/DSP_autocor_cn.h"/>
        <files name="src/DSP_autocor//c64P/DSP_autocor_d.c"/>
        <cFlags> --mem_model:data=far</cFlags>
    </params>
</Project>
