<?xml version="1.0" encoding="windows-1252"?>
<!--  This file conforms to the DTD xdc/bld/build.dtd -->
<package name="ti.dsplib" version="2, 0, 1, 0" producerId="undefined">
    <units>
        <module name="Version"/>
    </units>
    <sources>
    </sources>
    <configscripts>
    </configscripts>
    <makefiles>
        <srcFile name="package.mak" src="package.bld"/>
        <srcFile name="package/package.xdc.dep" src="package.xdc"/>
        <srcFile name="package/package.cfg.dep" src="package.xdc"/>
        <srcFile name="package/rel/ti_dsplib_src_c674x_3_4_0_0.zip.dep" src="package/rel/ti_dsplib_src_c674x_3_4_0_0.xdc.inc"/>
    </makefiles>
    <targets>
    </targets>
    <libraries>
    </libraries>
    <configurations>
    </configurations>
    <executables>
    </executables>
    <tests>
    </tests>
    <releases relDir="package/rel/">
    <release name="ti_dsplib_src_c674x_3_4_0_0"
        pname="ti_dsplib_src_c674x_3_4_0_0.zip"
        label="default"
    >
        <file name="package/package.bld.xml"/>
        <file name="package/build.cfg"/>
        <file name="makefile"/>
        <file name="lib"/>
        <file name="lib/dsplib.a674.mk"/>
        <file name="./src/DSPF_blk_eswap16//c674/DSPF_blk_eswap16.c"/>
        <file name="./src/DSPF_blk_eswap32//c674/DSPF_blk_eswap32.c"/>
        <file name="./src/DSPF_blk_eswap64//c674/DSPF_blk_eswap64.c"/>
        <file name="./src/DSPF_fltoq15//c674/DSPF_fltoq15.c"/>
        <file name="./src/DSPF_q15tofl//c674/DSPF_q15tofl.c"/>
        <file name="./src/DSPF_sp_autocor//c674/DSPF_sp_autocor.c"/>
        <file name="./src/DSPF_sp_biquad//c674/DSPF_sp_biquad.c"/>
        <file name="./src/DSPF_sp_bitrev_cplx//c674/DSPF_sp_bitrev_cplx.c"/>
        <file name="./src/DSPF_sp_blk_move//c674/DSPF_sp_blk_move.c"/>
        <file name="./src/DSPF_sp_convol//c674/DSPF_sp_convol.c"/>
        <file name="./src/DSPF_sp_dotprod//c674/DSPF_sp_dotprod.c"/>
        <file name="./src/DSPF_sp_dotp_cplx//c674/DSPF_sp_dotp_cplx.c"/>
        <file name="./src/DSPF_sp_fircirc//c674/DSPF_sp_fircirc.c"/>
        <file name="./src/DSPF_sp_fir_gen//c674/DSPF_sp_fir_gen.c"/>
        <file name="./src/DSPF_sp_lms//c674/DSPF_sp_lms.c"/>
        <file name="./src/DSPF_sp_mat_mul_gemm//c674/DSPF_sp_mat_mul_gemm.c"/>
        <file name="./src/DSPF_sp_mat_mul_gemm_cplx//c674/DSPF_sp_mat_mul_gemm_cplx.c"/>
        <file name="./src/DSPF_sp_mat_trans//c674/DSPF_sp_mat_trans.c"/>
        <file name="./src/DSPF_sp_maxidx//c674/DSPF_sp_maxidx.c"/>
        <file name="./src/DSPF_sp_maxval//c674/DSPF_sp_maxval.c"/>
        <file name="./src/DSPF_sp_minerr//c674/DSPF_sp_minerr.c"/>
        <file name="./src/DSPF_sp_minval//c674/DSPF_sp_minval.c"/>
        <file name="./src/DSPF_sp_vecmul//c674/DSPF_sp_vecmul.c"/>
        <file name="./src/DSPF_sp_vecrecip//c674/DSPF_sp_vecrecip.c"/>
        <file name="./src/DSPF_sp_vecsum_sq//c674/DSPF_sp_vecsum_sq.c"/>
        <file name="./src/DSPF_sp_w_vec//c674/DSPF_sp_w_vec.c"/>
        <file name="./src/DSP_fir_r8_h16//c674/DSP_fir_r8_h16.c"/>
        <file name="./src/DSP_fir_r8_h24//c674/DSP_fir_r8_h24.c"/>
        <file name="./src/DSP_fir_r8_h8//c674/DSP_fir_r8_h8.c"/>
        <file name="./src/DSPF_sp_cfftr2_dit//c674/DSPF_sp_cfftr2_dit.s"/>
        <file name="./src/DSPF_sp_cfftr4_dif//c674/DSPF_sp_cfftr4_dif.s"/>
        <file name="./src/DSPF_sp_fftSPxSP//c674/DSPF_sp_fftSPxSP.s"/>
        <file name="./src/DSPF_sp_fir_cplx//c674/DSPF_sp_fir_cplx.s"/>
        <file name="./src/DSPF_sp_fir_r2//c674/DSPF_sp_fir_r2.s"/>
        <file name="./src/DSPF_sp_icfftr2_dif//c674/DSPF_sp_icfftr2_dif.s"/>
        <file name="./src/DSPF_sp_ifftSPxSP//c674/DSPF_sp_ifftSPxSP.s"/>
        <file name="./src/DSPF_sp_iir//c674/DSPF_sp_iir.s"/>
        <file name="./src/DSPF_sp_iirlat//c674/DSPF_sp_iirlat.s"/>
        <file name="./src/DSPF_sp_mat_mul//c674/DSPF_sp_mat_mul.s"/>
        <file name="./src/DSPF_sp_mat_mul_cplx//c674/DSPF_sp_mat_mul_cplx.s"/>
        <file name="lib/dsplib.a674"/>
        <file name="lib/dsplib.lib"/>
        <file name="lib/dsplib.ae674.mk"/>
        <file name="lib/dsplib.ae674"/>
        <file name="lib/dsplib_cn.a674.mk"/>
        <file name="./src/DSPF_blk_eswap16//c674/DSPF_blk_eswap16_cn.c"/>
        <file name="./src/DSPF_blk_eswap32//c674/DSPF_blk_eswap32_cn.c"/>
        <file name="./src/DSPF_blk_eswap64//c674/DSPF_blk_eswap64_cn.c"/>
        <file name="./src/DSPF_fltoq15//c674/DSPF_fltoq15_cn.c"/>
        <file name="./src/DSPF_q15tofl//c674/DSPF_q15tofl_cn.c"/>
        <file name="./src/DSPF_sp_autocor//c674/DSPF_sp_autocor_cn.c"/>
        <file name="./src/DSPF_sp_biquad//c674/DSPF_sp_biquad_cn.c"/>
        <file name="./src/DSPF_sp_bitrev_cplx//c674/DSPF_sp_bitrev_cplx_cn.c"/>
        <file name="./src/DSPF_sp_blk_move//c674/DSPF_sp_blk_move_cn.c"/>
        <file name="./src/DSPF_sp_cfftr2_dit//c674/DSPF_sp_cfftr2_dit_cn.c"/>
        <file name="./src/DSPF_sp_cfftr4_dif//c674/DSPF_sp_cfftr4_dif_cn.c"/>
        <file name="./src/DSPF_sp_convol//c674/DSPF_sp_convol_cn.c"/>
        <file name="./src/DSPF_sp_dotprod//c674/DSPF_sp_dotprod_cn.c"/>
        <file name="./src/DSPF_sp_dotp_cplx//c674/DSPF_sp_dotp_cplx_cn.c"/>
        <file name="./src/DSPF_sp_fftSPxSP//c674/DSPF_sp_fftSPxSP_cn.c"/>
        <file name="./src/DSPF_sp_fircirc//c674/DSPF_sp_fircirc_cn.c"/>
        <file name="./src/DSPF_sp_fir_cplx//c674/DSPF_sp_fir_cplx_cn.c"/>
        <file name="./src/DSPF_sp_fir_gen//c674/DSPF_sp_fir_gen_cn.c"/>
        <file name="./src/DSPF_sp_fir_r2//c674/DSPF_sp_fir_r2_cn.c"/>
        <file name="./src/DSPF_sp_icfftr2_dif//c674/DSPF_sp_icfftr2_dif_cn.c"/>
        <file name="./src/DSPF_sp_ifftSPxSP//c674/DSPF_sp_ifftSPxSP_cn.c"/>
        <file name="./src/DSPF_sp_iir//c674/DSPF_sp_iir_cn.c"/>
        <file name="./src/DSPF_sp_iirlat//c674/DSPF_sp_iirlat_cn.c"/>
        <file name="./src/DSPF_sp_lms//c674/DSPF_sp_lms_cn.c"/>
        <file name="./src/DSPF_sp_mat_mul//c674/DSPF_sp_mat_mul_cn.c"/>
        <file name="./src/DSPF_sp_mat_mul_cplx//c674/DSPF_sp_mat_mul_cplx_cn.c"/>
        <file name="./src/DSPF_sp_mat_mul_gemm//c674/DSPF_sp_mat_mul_gemm_cn.c"/>
        <file name="./src/DSPF_sp_mat_mul_gemm_cplx//c674/DSPF_sp_mat_mul_gemm_cplx_cn.c"/>
        <file name="./src/DSPF_sp_mat_trans//c674/DSPF_sp_mat_trans_cn.c"/>
        <file name="./src/DSPF_sp_maxidx//c674/DSPF_sp_maxidx_cn.c"/>
        <file name="./src/DSPF_sp_maxval//c674/DSPF_sp_maxval_cn.c"/>
        <file name="./src/DSPF_sp_minerr//c674/DSPF_sp_minerr_cn.c"/>
        <file name="./src/DSPF_sp_minval//c674/DSPF_sp_minval_cn.c"/>
        <file name="./src/DSPF_sp_vecmul//c674/DSPF_sp_vecmul_cn.c"/>
        <file name="./src/DSPF_sp_vecrecip//c674/DSPF_sp_vecrecip_cn.c"/>
        <file name="./src/DSPF_sp_vecsum_sq//c674/DSPF_sp_vecsum_sq_cn.c"/>
        <file name="./src/DSPF_sp_w_vec//c674/DSPF_sp_w_vec_cn.c"/>
        <file name="./src/DSP_fir_r8_h16//c674/DSP_fir_r8_h16_cn.c"/>
        <file name="./src/DSP_fir_r8_h24//c674/DSP_fir_r8_h24_cn.c"/>
        <file name="./src/DSP_fir_r8_h8//c674/DSP_fir_r8_h8_cn.c"/>
        <file name="lib/dsplib_cn.a674"/>
        <file name="lib/dsplib_cn.lib"/>
        <file name="lib/dsplib_cn.ae674.mk"/>
        <file name="lib/dsplib_cn.ae674"/>
        <file name="./package/projects"/>
        <file name="ccsmake.mk"/>
        <file name="src/DSPF_blk_eswap16//c674//DSPF_blk_eswap16_674_LE_COFF"/>
        <file name="src/common//c674/lnk.cmd"/>
        <file name="src/DSPF_blk_eswap16/DSPF_blk_eswap16.h"/>
        <file name="src/DSPF_blk_eswap16//c674/DSPF_blk_eswap16.h"/>
        <file name="src/DSPF_blk_eswap16//c674/DSPF_blk_eswap16_cn.h"/>
        <file name="src/DSPF_blk_eswap16//c674/DSPF_blk_eswap16_d.c"/>
        <file name="src/DSPF_blk_eswap16//c674//DSPF_blk_eswap16_674_LE_ELF"/>
        <file name="src/DSPF_blk_eswap32//c674//DSPF_blk_eswap32_674_LE_COFF"/>
        <file name="src/DSPF_blk_eswap32/DSPF_blk_eswap32.h"/>
        <file name="src/DSPF_blk_eswap32//c674/DSPF_blk_eswap32.h"/>
        <file name="src/DSPF_blk_eswap32//c674/DSPF_blk_eswap32_cn.h"/>
        <file name="src/DSPF_blk_eswap32//c674/DSPF_blk_eswap32_d.c"/>
        <file name="src/DSPF_blk_eswap32//c674//DSPF_blk_eswap32_674_LE_ELF"/>
        <file name="src/DSPF_blk_eswap64//c674//DSPF_blk_eswap64_674_LE_COFF"/>
        <file name="src/DSPF_blk_eswap64/DSPF_blk_eswap64.h"/>
        <file name="src/DSPF_blk_eswap64//c674/DSPF_blk_eswap64.h"/>
        <file name="src/DSPF_blk_eswap64//c674/DSPF_blk_eswap64_cn.h"/>
        <file name="src/DSPF_blk_eswap64//c674/DSPF_blk_eswap64_d.c"/>
        <file name="src/DSPF_blk_eswap64//c674//DSPF_blk_eswap64_674_LE_ELF"/>
        <file name="src/DSPF_fltoq15//c674//DSPF_fltoq15_674_LE_COFF"/>
        <file name="src/DSPF_fltoq15/DSPF_fltoq15.h"/>
        <file name="src/DSPF_fltoq15//c674/DSPF_fltoq15.h"/>
        <file name="src/DSPF_fltoq15//c674/DSPF_fltoq15_cn.h"/>
        <file name="src/DSPF_fltoq15//c674/DSPF_fltoq15_d.c"/>
        <file name="src/DSPF_fltoq15//c674//DSPF_fltoq15_674_LE_ELF"/>
        <file name="src/DSPF_q15tofl//c674//DSPF_q15tofl_674_LE_COFF"/>
        <file name="src/DSPF_q15tofl/DSPF_q15tofl.h"/>
        <file name="src/DSPF_q15tofl//c674/DSPF_q15tofl.h"/>
        <file name="src/DSPF_q15tofl//c674/DSPF_q15tofl_cn.h"/>
        <file name="src/DSPF_q15tofl//c674/DSPF_q15tofl_d.c"/>
        <file name="src/DSPF_q15tofl//c674//DSPF_q15tofl_674_LE_ELF"/>
        <file name="src/DSPF_sp_autocor//c674//DSPF_sp_autocor_674_LE_COFF"/>
        <file name="src/DSPF_sp_autocor/DSPF_sp_autocor.h"/>
        <file name="src/DSPF_sp_autocor//c674/DSPF_sp_autocor.h"/>
        <file name="src/DSPF_sp_autocor//c674/DSPF_sp_autocor_cn.h"/>
        <file name="src/DSPF_sp_autocor//c674/DSPF_sp_autocor_d.c"/>
        <file name="src/DSPF_sp_autocor//c674//DSPF_sp_autocor_674_LE_ELF"/>
        <file name="src/DSPF_sp_biquad//c674//DSPF_sp_biquad_674_LE_COFF"/>
        <file name="src/DSPF_sp_biquad/DSPF_sp_biquad.h"/>
        <file name="src/DSPF_sp_biquad//c674/DSPF_sp_biquad.h"/>
        <file name="src/DSPF_sp_biquad//c674/DSPF_sp_biquad_cn.h"/>
        <file name="src/DSPF_sp_biquad//c674/DSPF_sp_biquad_d.c"/>
        <file name="src/DSPF_sp_biquad//c674//DSPF_sp_biquad_674_LE_ELF"/>
        <file name="src/DSPF_sp_bitrev_cplx//c674//DSPF_sp_bitrev_cplx_674_LE_COFF"/>
        <file name="src/DSPF_sp_bitrev_cplx/DSPF_sp_bitrev_cplx.h"/>
        <file name="src/DSPF_sp_bitrev_cplx//c674/DSPF_sp_bitrev_cplx.h"/>
        <file name="src/DSPF_sp_bitrev_cplx//c674/DSPF_sp_bitrev_cplx_cn.h"/>
        <file name="src/DSPF_sp_bitrev_cplx//c674/DSPF_sp_bitrev_cplx_d.c"/>
        <file name="src/DSPF_sp_bitrev_cplx//c674//DSPF_sp_bitrev_cplx_674_LE_ELF"/>
        <file name="src/DSPF_sp_blk_move//c674//DSPF_sp_blk_move_674_LE_COFF"/>
        <file name="src/DSPF_sp_blk_move/DSPF_sp_blk_move.h"/>
        <file name="src/DSPF_sp_blk_move//c674/DSPF_sp_blk_move.h"/>
        <file name="src/DSPF_sp_blk_move//c674/DSPF_sp_blk_move_cn.h"/>
        <file name="src/DSPF_sp_blk_move//c674/DSPF_sp_blk_move_d.c"/>
        <file name="src/DSPF_sp_blk_move//c674//DSPF_sp_blk_move_674_LE_ELF"/>
        <file name="src/DSPF_sp_cfftr2_dit//c674//DSPF_sp_cfftr2_dit_674_LE_COFF"/>
        <file name="src/DSPF_sp_cfftr2_dit/DSPF_sp_cfftr2_dit.h"/>
        <file name="src/DSPF_sp_cfftr2_dit//c674/DSPF_sp_cfftr2_dit.h"/>
        <file name="src/DSPF_sp_cfftr2_dit//c674/DSPF_sp_cfftr2_dit_cn.h"/>
        <file name="src/DSPF_sp_cfftr2_dit//c674/DSPF_sp_cfftr2_dit_d.c"/>
        <file name="src/DSPF_sp_cfftr2_dit//c674//DSPF_sp_cfftr2_dit_674_LE_ELF"/>
        <file name="src/DSPF_sp_cfftr4_dif//c674//DSPF_sp_cfftr4_dif_674_LE_COFF"/>
        <file name="src/DSPF_sp_cfftr4_dif/DSPF_sp_cfftr4_dif.h"/>
        <file name="src/DSPF_sp_cfftr4_dif//c674/DSPF_sp_cfftr4_dif.h"/>
        <file name="src/DSPF_sp_cfftr4_dif//c674/DSPF_sp_cfftr4_dif_cn.h"/>
        <file name="src/DSPF_sp_cfftr4_dif//c674/DSPF_sp_cfftr4_dif_d.c"/>
        <file name="src/DSPF_sp_cfftr4_dif//c674//DSPF_sp_cfftr4_dif_674_LE_ELF"/>
        <file name="src/DSPF_sp_convol//c674//DSPF_sp_convol_674_LE_COFF"/>
        <file name="src/DSPF_sp_convol/DSPF_sp_convol.h"/>
        <file name="src/DSPF_sp_convol//c674/DSPF_sp_convol.h"/>
        <file name="src/DSPF_sp_convol//c674/DSPF_sp_convol_cn.h"/>
        <file name="src/DSPF_sp_convol//c674/DSPF_sp_convol_d.c"/>
        <file name="src/DSPF_sp_convol//c674//DSPF_sp_convol_674_LE_ELF"/>
        <file name="src/DSPF_sp_dotprod//c674//DSPF_sp_dotprod_674_LE_COFF"/>
        <file name="src/DSPF_sp_dotprod/DSPF_sp_dotprod.h"/>
        <file name="src/DSPF_sp_dotprod//c674/DSPF_sp_dotprod.h"/>
        <file name="src/DSPF_sp_dotprod//c674/DSPF_sp_dotprod_cn.h"/>
        <file name="src/DSPF_sp_dotprod//c674/DSPF_sp_dotprod_d.c"/>
        <file name="src/DSPF_sp_dotprod//c674//DSPF_sp_dotprod_674_LE_ELF"/>
        <file name="src/DSPF_sp_dotp_cplx//c674//DSPF_sp_dotp_cplx_674_LE_COFF"/>
        <file name="src/DSPF_sp_dotp_cplx/DSPF_sp_dotp_cplx.h"/>
        <file name="src/DSPF_sp_dotp_cplx//c674/DSPF_sp_dotp_cplx.h"/>
        <file name="src/DSPF_sp_dotp_cplx//c674/DSPF_sp_dotp_cplx_cn.h"/>
        <file name="src/DSPF_sp_dotp_cplx//c674/DSPF_sp_dotp_cplx_d.c"/>
        <file name="src/DSPF_sp_dotp_cplx//c674//DSPF_sp_dotp_cplx_674_LE_ELF"/>
        <file name="src/DSPF_sp_fftSPxSP//c674//DSPF_sp_fftSPxSP_674_LE_COFF"/>
        <file name="src/DSPF_sp_fftSPxSP/DSPF_sp_fftSPxSP.h"/>
        <file name="src/DSPF_sp_fftSPxSP//c674/DSPF_sp_fftSPxSP.h"/>
        <file name="src/DSPF_sp_fftSPxSP//c674/DSPF_sp_fftSPxSP_cn.h"/>
        <file name="src/DSPF_sp_fftSPxSP//c674/DSPF_sp_fftSPxSP_d.c"/>
        <file name="src/DSPF_sp_fftSPxSP//c674//DSPF_sp_fftSPxSP_674_LE_ELF"/>
        <file name="src/DSPF_sp_fircirc//c674//DSPF_sp_fircirc_674_LE_COFF"/>
        <file name="src/DSPF_sp_fircirc/DSPF_sp_fircirc.h"/>
        <file name="src/DSPF_sp_fircirc//c674/DSPF_sp_fircirc.h"/>
        <file name="src/DSPF_sp_fircirc//c674/DSPF_sp_fircirc_cn.h"/>
        <file name="src/DSPF_sp_fircirc//c674/DSPF_sp_fircirc_d.c"/>
        <file name="src/DSPF_sp_fircirc//c674//DSPF_sp_fircirc_674_LE_ELF"/>
        <file name="src/DSPF_sp_fir_cplx//c674//DSPF_sp_fir_cplx_674_LE_COFF"/>
        <file name="src/DSPF_sp_fir_cplx/DSPF_sp_fir_cplx.h"/>
        <file name="src/DSPF_sp_fir_cplx//c674/DSPF_sp_fir_cplx.h"/>
        <file name="src/DSPF_sp_fir_cplx//c674/DSPF_sp_fir_cplx_cn.h"/>
        <file name="src/DSPF_sp_fir_cplx//c674/DSPF_sp_fir_cplx_d.c"/>
        <file name="src/DSPF_sp_fir_cplx//c674/DSPF_sp_fir_cplx_opt.c"/>
        <file name="src/DSPF_sp_fir_cplx//c674//DSPF_sp_fir_cplx_674_LE_ELF"/>
        <file name="src/DSPF_sp_fir_gen//c674//DSPF_sp_fir_gen_674_LE_COFF"/>
        <file name="src/DSPF_sp_fir_gen/DSPF_sp_fir_gen.h"/>
        <file name="src/DSPF_sp_fir_gen//c674/DSPF_sp_fir_gen.h"/>
        <file name="src/DSPF_sp_fir_gen//c674/DSPF_sp_fir_gen_cn.h"/>
        <file name="src/DSPF_sp_fir_gen//c674/DSPF_sp_fir_gen_d.c"/>
        <file name="src/DSPF_sp_fir_gen//c674//DSPF_sp_fir_gen_674_LE_ELF"/>
        <file name="src/DSPF_sp_fir_r2//c674//DSPF_sp_fir_r2_674_LE_COFF"/>
        <file name="src/DSPF_sp_fir_r2/DSPF_sp_fir_r2.h"/>
        <file name="src/DSPF_sp_fir_r2//c674/DSPF_sp_fir_r2.h"/>
        <file name="src/DSPF_sp_fir_r2//c674/DSPF_sp_fir_r2_cn.h"/>
        <file name="src/DSPF_sp_fir_r2//c674/DSPF_sp_fir_r2_d.c"/>
        <file name="src/DSPF_sp_fir_r2//c674/DSPF_sp_fir_r2_opt.c"/>
        <file name="src/DSPF_sp_fir_r2//c674//DSPF_sp_fir_r2_674_LE_ELF"/>
        <file name="src/DSPF_sp_icfftr2_dif//c674//DSPF_sp_icfftr2_dif_674_LE_COFF"/>
        <file name="src/DSPF_sp_icfftr2_dif/DSPF_sp_icfftr2_dif.h"/>
        <file name="src/DSPF_sp_icfftr2_dif//c674/DSPF_sp_icfftr2_dif.h"/>
        <file name="src/DSPF_sp_icfftr2_dif//c674/DSPF_sp_icfftr2_dif_cn.h"/>
        <file name="src/DSPF_sp_icfftr2_dif//c674/DSPF_sp_icfftr2_dif_d.c"/>
        <file name="src/DSPF_sp_icfftr2_dif//c674//DSPF_sp_icfftr2_dif_674_LE_ELF"/>
        <file name="src/DSPF_sp_ifftSPxSP//c674//DSPF_sp_ifftSPxSP_674_LE_COFF"/>
        <file name="src/DSPF_sp_ifftSPxSP/DSPF_sp_ifftSPxSP.h"/>
        <file name="src/DSPF_sp_ifftSPxSP//c674/DSPF_sp_ifftSPxSP.h"/>
        <file name="src/DSPF_sp_ifftSPxSP//c674/DSPF_sp_ifftSPxSP_cn.h"/>
        <file name="src/DSPF_sp_ifftSPxSP//c674/DSPF_sp_ifftSPxSP_d.c"/>
        <file name="src/DSPF_sp_ifftSPxSP//c674//DSPF_sp_ifftSPxSP_674_LE_ELF"/>
        <file name="src/DSPF_sp_iirlat//c674//DSPF_sp_iirlat_674_LE_COFF"/>
        <file name="src/DSPF_sp_iirlat/DSPF_sp_iirlat.h"/>
        <file name="src/DSPF_sp_iirlat//c674/DSPF_sp_iirlat.h"/>
        <file name="src/DSPF_sp_iirlat//c674/DSPF_sp_iirlat_cn.h"/>
        <file name="src/DSPF_sp_iirlat//c674/DSPF_sp_iirlat_d.c"/>
        <file name="src/DSPF_sp_iirlat//c674/DSPF_sp_iirlat_opt.c"/>
        <file name="src/DSPF_sp_iirlat//c674//DSPF_sp_iirlat_674_LE_ELF"/>
        <file name="src/DSPF_sp_iir//c674//DSPF_sp_iir_674_LE_COFF"/>
        <file name="src/DSPF_sp_iir/DSPF_sp_iir.h"/>
        <file name="src/DSPF_sp_iir//c674/DSPF_sp_iir.h"/>
        <file name="src/DSPF_sp_iir//c674/DSPF_sp_iir_cn.h"/>
        <file name="src/DSPF_sp_iir//c674/DSPF_sp_iir_d.c"/>
        <file name="src/DSPF_sp_iir//c674/DSPF_sp_iir_opt.c"/>
        <file name="src/DSPF_sp_iir//c674//DSPF_sp_iir_674_LE_ELF"/>
        <file name="src/DSPF_sp_lms//c674//DSPF_sp_lms_674_LE_COFF"/>
        <file name="src/DSPF_sp_lms/DSPF_sp_lms.h"/>
        <file name="src/DSPF_sp_lms//c674/DSPF_sp_lms.h"/>
        <file name="src/DSPF_sp_lms//c674/DSPF_sp_lms_cn.h"/>
        <file name="src/DSPF_sp_lms//c674/DSPF_sp_lms_d.c"/>
        <file name="src/DSPF_sp_lms//c674//DSPF_sp_lms_674_LE_ELF"/>
        <file name="src/DSPF_sp_mat_mul//c674//DSPF_sp_mat_mul_674_LE_COFF"/>
        <file name="src/DSPF_sp_mat_mul/DSPF_sp_mat_mul.h"/>
        <file name="src/DSPF_sp_mat_mul//c674/DSPF_sp_mat_mul.h"/>
        <file name="src/DSPF_sp_mat_mul//c674/DSPF_sp_mat_mul_cn.h"/>
        <file name="src/DSPF_sp_mat_mul//c674/DSPF_sp_mat_mul_d.c"/>
        <file name="src/DSPF_sp_mat_mul//c674/DSPF_sp_mat_mul_opt.c"/>
        <file name="src/DSPF_sp_mat_mul//c674//DSPF_sp_mat_mul_674_LE_ELF"/>
        <file name="src/DSPF_sp_mat_mul_cplx//c674//DSPF_sp_mat_mul_cplx_674_LE_COFF"/>
        <file name="src/DSPF_sp_mat_mul_cplx/DSPF_sp_mat_mul_cplx.h"/>
        <file name="src/DSPF_sp_mat_mul_cplx//c674/DSPF_sp_mat_mul_cplx.h"/>
        <file name="src/DSPF_sp_mat_mul_cplx//c674/DSPF_sp_mat_mul_cplx_cn.h"/>
        <file name="src/DSPF_sp_mat_mul_cplx//c674/DSPF_sp_mat_mul_cplx_d.c"/>
        <file name="src/DSPF_sp_mat_mul_cplx//c674/DSPF_sp_mat_mul_cplx_opt.c"/>
        <file name="src/DSPF_sp_mat_mul_cplx//c674//DSPF_sp_mat_mul_cplx_674_LE_ELF"/>
        <file name="src/DSPF_sp_mat_mul_gemm//c674//DSPF_sp_mat_mul_gemm_674_LE_COFF"/>
        <file name="src/DSPF_sp_mat_mul_gemm/DSPF_sp_mat_mul_gemm.h"/>
        <file name="src/DSPF_sp_mat_mul_gemm//c674/DSPF_sp_mat_mul_gemm.h"/>
        <file name="src/DSPF_sp_mat_mul_gemm//c674/DSPF_sp_mat_mul_gemm_cn.h"/>
        <file name="src/DSPF_sp_mat_mul_gemm//c674/DSPF_sp_mat_mul_gemm_d.c"/>
        <file name="src/DSPF_sp_mat_mul_gemm//c674//DSPF_sp_mat_mul_gemm_674_LE_ELF"/>
        <file name="src/DSPF_sp_mat_mul_gemm_cplx//c674//DSPF_sp_mat_mul_gemm_cplx_674_LE_COFF"/>
        <file name="src/DSPF_sp_mat_mul_gemm_cplx/DSPF_sp_mat_mul_gemm_cplx.h"/>
        <file name="src/DSPF_sp_mat_mul_gemm_cplx//c674/DSPF_sp_mat_mul_gemm_cplx.h"/>
        <file name="src/DSPF_sp_mat_mul_gemm_cplx//c674/DSPF_sp_mat_mul_gemm_cplx_cn.h"/>
        <file name="src/DSPF_sp_mat_mul_gemm_cplx//c674/DSPF_sp_mat_mul_gemm_cplx_d.c"/>
        <file name="src/DSPF_sp_mat_mul_gemm_cplx//c674//DSPF_sp_mat_mul_gemm_cplx_674_LE_ELF"/>
        <file name="src/DSPF_sp_mat_trans//c674//DSPF_sp_mat_trans_674_LE_COFF"/>
        <file name="src/DSPF_sp_mat_trans/DSPF_sp_mat_trans.h"/>
        <file name="src/DSPF_sp_mat_trans//c674/DSPF_sp_mat_trans.h"/>
        <file name="src/DSPF_sp_mat_trans//c674/DSPF_sp_mat_trans_cn.h"/>
        <file name="src/DSPF_sp_mat_trans//c674/DSPF_sp_mat_trans_d.c"/>
        <file name="src/DSPF_sp_mat_trans//c674//DSPF_sp_mat_trans_674_LE_ELF"/>
        <file name="src/DSPF_sp_maxidx//c674//DSPF_sp_maxidx_674_LE_COFF"/>
        <file name="src/DSPF_sp_maxidx/DSPF_sp_maxidx.h"/>
        <file name="src/DSPF_sp_maxidx//c674/DSPF_sp_maxidx.h"/>
        <file name="src/DSPF_sp_maxidx//c674/DSPF_sp_maxidx_cn.h"/>
        <file name="src/DSPF_sp_maxidx//c674/DSPF_sp_maxidx_d.c"/>
        <file name="src/DSPF_sp_maxidx//c674//DSPF_sp_maxidx_674_LE_ELF"/>
        <file name="src/DSPF_sp_maxval//c674//DSPF_sp_maxval_674_LE_COFF"/>
        <file name="src/DSPF_sp_maxval/DSPF_sp_maxval.h"/>
        <file name="src/DSPF_sp_maxval//c674/DSPF_sp_maxval.h"/>
        <file name="src/DSPF_sp_maxval//c674/DSPF_sp_maxval_cn.h"/>
        <file name="src/DSPF_sp_maxval//c674/DSPF_sp_maxval_d.c"/>
        <file name="src/DSPF_sp_maxval//c674//DSPF_sp_maxval_674_LE_ELF"/>
        <file name="src/DSPF_sp_minerr//c674//DSPF_sp_minerr_674_LE_COFF"/>
        <file name="src/DSPF_sp_minerr/DSPF_sp_minerr.h"/>
        <file name="src/DSPF_sp_minerr//c674/DSPF_sp_minerr.h"/>
        <file name="src/DSPF_sp_minerr//c674/DSPF_sp_minerr_cn.h"/>
        <file name="src/DSPF_sp_minerr//c674/DSPF_sp_minerr_d.c"/>
        <file name="src/DSPF_sp_minerr//c674//DSPF_sp_minerr_674_LE_ELF"/>
        <file name="src/DSPF_sp_minval//c674//DSPF_sp_minval_674_LE_COFF"/>
        <file name="src/DSPF_sp_minval/DSPF_sp_minval.h"/>
        <file name="src/DSPF_sp_minval//c674/DSPF_sp_minval.h"/>
        <file name="src/DSPF_sp_minval//c674/DSPF_sp_minval_cn.h"/>
        <file name="src/DSPF_sp_minval//c674/DSPF_sp_minval_d.c"/>
        <file name="src/DSPF_sp_minval//c674//DSPF_sp_minval_674_LE_ELF"/>
        <file name="src/DSPF_sp_vecmul//c674//DSPF_sp_vecmul_674_LE_COFF"/>
        <file name="src/DSPF_sp_vecmul/DSPF_sp_vecmul.h"/>
        <file name="src/DSPF_sp_vecmul//c674/DSPF_sp_vecmul.h"/>
        <file name="src/DSPF_sp_vecmul//c674/DSPF_sp_vecmul_cn.h"/>
        <file name="src/DSPF_sp_vecmul//c674/DSPF_sp_vecmul_d.c"/>
        <file name="src/DSPF_sp_vecmul//c674//DSPF_sp_vecmul_674_LE_ELF"/>
        <file name="src/DSPF_sp_vecrecip//c674//DSPF_sp_vecrecip_674_LE_COFF"/>
        <file name="src/DSPF_sp_vecrecip/DSPF_sp_vecrecip.h"/>
        <file name="src/DSPF_sp_vecrecip//c674/DSPF_sp_vecrecip.h"/>
        <file name="src/DSPF_sp_vecrecip//c674/DSPF_sp_vecrecip_cn.h"/>
        <file name="src/DSPF_sp_vecrecip//c674/DSPF_sp_vecrecip_d.c"/>
        <file name="src/DSPF_sp_vecrecip//c674//DSPF_sp_vecrecip_674_LE_ELF"/>
        <file name="src/DSPF_sp_vecsum_sq//c674//DSPF_sp_vecsum_sq_674_LE_COFF"/>
        <file name="src/DSPF_sp_vecsum_sq/DSPF_sp_vecsum_sq.h"/>
        <file name="src/DSPF_sp_vecsum_sq//c674/DSPF_sp_vecsum_sq.h"/>
        <file name="src/DSPF_sp_vecsum_sq//c674/DSPF_sp_vecsum_sq_cn.h"/>
        <file name="src/DSPF_sp_vecsum_sq//c674/DSPF_sp_vecsum_sq_d.c"/>
        <file name="src/DSPF_sp_vecsum_sq//c674//DSPF_sp_vecsum_sq_674_LE_ELF"/>
        <file name="src/DSPF_sp_w_vec//c674//DSPF_sp_w_vec_674_LE_COFF"/>
        <file name="src/DSPF_sp_w_vec/DSPF_sp_w_vec.h"/>
        <file name="src/DSPF_sp_w_vec//c674/DSPF_sp_w_vec.h"/>
        <file name="src/DSPF_sp_w_vec//c674/DSPF_sp_w_vec_cn.h"/>
        <file name="src/DSPF_sp_w_vec//c674/DSPF_sp_w_vec_d.c"/>
        <file name="src/DSPF_sp_w_vec//c674//DSPF_sp_w_vec_674_LE_ELF"/>
        <file name="src/DSP_fir_r8_h16//c674//DSP_fir_r8_h16_674_LE_COFF"/>
        <file name="src/DSP_fir_r8_h16/DSP_fir_r8_h16.h"/>
        <file name="src/DSP_fir_r8_h16//c674/DSP_fir_r8_h16.h"/>
        <file name="src/DSP_fir_r8_h16//c674/DSP_fir_r8_h16_cn.h"/>
        <file name="src/DSP_fir_r8_h16//c674/DSP_fir_r8_h16_d.c"/>
        <file name="src/DSP_fir_r8_h16//c674//DSP_fir_r8_h16_674_LE_ELF"/>
        <file name="src/DSP_fir_r8_h24//c674//DSP_fir_r8_h24_674_LE_COFF"/>
        <file name="src/DSP_fir_r8_h24/DSP_fir_r8_h24.h"/>
        <file name="src/DSP_fir_r8_h24//c674/DSP_fir_r8_h24.h"/>
        <file name="src/DSP_fir_r8_h24//c674/DSP_fir_r8_h24_cn.h"/>
        <file name="src/DSP_fir_r8_h24//c674/DSP_fir_r8_h24_d.c"/>
        <file name="src/DSP_fir_r8_h24//c674//DSP_fir_r8_h24_674_LE_ELF"/>
        <file name="src/DSP_fir_r8_h8//c674//DSP_fir_r8_h8_674_LE_COFF"/>
        <file name="src/DSP_fir_r8_h8/DSP_fir_r8_h8.h"/>
        <file name="src/DSP_fir_r8_h8//c674/DSP_fir_r8_h8.h"/>
        <file name="src/DSP_fir_r8_h8//c674/DSP_fir_r8_h8_cn.h"/>
        <file name="src/DSP_fir_r8_h8//c674/DSP_fir_r8_h8_d.c"/>
        <file name="src/DSP_fir_r8_h8//c674//DSP_fir_r8_h8_674_LE_ELF"/>
        <file name="docs//doxygen//doxyfile.xdt"/>
        <file name=".//docs//doxygen//html//../DSPLIB.chm"/>
        <file name="./dsplib.h"/>
        <file name="./Version.h"/>
        <file name="docs/manifest/Software_Manifest.html"/>
        <file name="docs/bundle/manifest/doxyfile.xdt"/>
        <file name="docs/bundle/doxygen/doxyfile.xdt"/>
        <file name="docs/manifest/manifest.xml.xdt"/>
        <file name="setenv.bat"/>
        <file name="setxdcpath.js"/>
        <file name="dsplib.h"/>
        <file name="docs/relnotes_archive"/>
        <file name="package.bld"/>
        <file name="Makedocs.mk"/>
        <file name="docs//doxygen//doxygen.h"/>
        <file name="docs//doxygen//Doxyfile"/>
        <file name="package/package.xdc.inc"/>
        <file name="package/package.cfg.xdc.inc"/>
    </release>
    </releases>
    <repositories>
    </repositories>
</package>
